Survival Function:normal reliability (survival) function x,Survival Function:normal reliability (survival) function y,Lognormal Distribution:lognormal distribution x,Lognormal Distribution:lognormal distribution y,Lognormal Probability Plot:lognormal probability plot scatter x,Lognormal Probability Plot:lognormal probability plot scatter y,Lognormal Probability Plot:lognormal probability plot x,Lognormal Probability Plot:lognormal probability plot y,Hazard Function:normal failure rate (hazard) function x,Hazard Function:normal failure rate (hazard) function y,RELA
Time (t),Reliability 1-F(t),Time (t),f(t),Time (t),Unreliability F(t),Time (t),Unreliability F(t),Time (t),Failure Rate (fr/time)
0.0001,1.0,0.0001,0.0,1.073,1.070320378443928,0.0001,0.6334009854925284,0.0001,0.0
0.006551170568561873,1.0,0.006551170568561873,0.0,1.075,1.0824686540783235,0.006551170568561873,0.6334009854925284,0.006551170568561873,0.0
0.013002341137123745,1.0,0.013002341137123745,0.0,1.081,1.089588621324286,0.013002341137123745,0.6334009854925284,0.013002341137123745,0.0
0.019453511705685617,1.0,0.019453511705685617,0.0,1.093,1.094829560029006,0.019453511705685617,0.6334009854925284,0.019453511705685617,0.0
0.02590468227424749,1.0,0.02590468227424749,0.0,1.095,1.0990594912660272,0.02590468227424749,0.6334009854925284,0.02590468227424749,0.0
0.03235585284280937,1.0,0.03235585284280937,0.0,1.097,1.1026507746426257,0.03235585284280937,0.6334009854925284,0.03235585284280937,0.0
0.03880702341137124,1.0,0.03880702341137124,0.0,1.1059999999999999,1.1057994383095437,0.03880702341137124,0.6334009854925284,0.03880702341137124,0.0
0.045258193979933116,1.0,0.045258193979933116,0.0,1.1079999999999999,1.1086221218793972,0.045258193979933116,0.6334009854925284,0.045258193979933116,0.0
0.051709364548494986,1.0,0.051709364548494986,0.0,1.111,1.1111941881375622,0.051709364548494986,0.6334009854925284,0.051709364548494986,0.0
0.05816053511705686,1.0,0.05816053511705686,0.0,1.1159999999999999,1.1135673179432912,0.05816053511705686,0.6334009854925284,0.05816053511705686,0.0
0.06461170568561873,1.0,0.06461170568561873,0.0,1.117,1.1157785901417574,0.06461170568561873,0.6334009854925284,0.06461170568561873,0.0
0.0710628762541806,1.0,0.0710628762541806,0.0,1.1179999999999999,1.1178555695224552,0.0710628762541806,0.6334009854925284,0.0710628762541806,0.0
0.07751404682274247,1.0,0.07751404682274247,0.0,1.12,1.1198193452012841,0.07751404682274247,0.6334009854925284,0.07751404682274247,0.0
0.08396521739130434,1.0,0.08396521739130434,0.0,1.121,1.1216864395564934,0.08396521739130434,0.6334009854925284,0.08396521739130434,0.0
0.09041638795986623,1.0,0.09041638795986623,0.0,1.126,1.1234700584042816,0.09041638795986623,0.6334009854925284,0.09041638795986623,0.0
0.0968675585284281,1.0,0.0968675585284281,0.0,1.129,1.12518093858922,0.0968675585284281,0.6334009854925284,0.0968675585284281,0.0
0.10331872909698997,1.0,0.10331872909698997,0.0,1.129,1.1268279397382133,0.10331872909698997,0.6334009854925284,0.10331872909698997,0.0
0.10976989966555184,1.0,0.10976989966555184,0.0,1.1340000000000001,1.1284184679399483,0.10976989966555184,0.6334009854925284,0.10976989966555184,0.0
0.11622107023411371,1.0,0.11622107023411371,0.0,1.1340000000000001,1.129958785799416,0.11622107023411371,0.6334009854925284,0.11622107023411371,0.0
0.1226722408026756,1.0,0.1226722408026756,0.0,1.135,1.1314542437391544,0.1226722408026756,0.6334009854925284,0.1226722408026756,0.0
0.12912341137123745,1.0,0.12912341137123745,0.0,1.136,1.1329094555083439,0.12912341137123745,0.6334009854925284,0.12912341137123745,0.0
0.13557458193979932,1.0,0.13557458193979932,0.0,1.136,1.1343284333924892,0.13557458193979932,0.6334009854925284,0.13557458193979932,0.0
0.1420257525083612,1.0,0.1420257525083612,0.0,1.139,1.1357146938066562,0.1420257525083612,0.6334009854925284,0.1420257525083612,0.0
0.14847692307692306,1.0,0.14847692307692306,0.0,1.139,1.1370713407831423,0.14847692307692306,0.6334009854925284,0.14847692307692306,0.0
0.15492809364548493,1.0,0.15492809364548493,0.0,1.1420000000000001,1.1384011327274186,0.15492809364548493,0.6334009854925284,0.15492809364548493,0.0
0.1613792642140468,1.0,0.1613792642140468,0.0,1.1420000000000001,1.139706536348546,0.1613792642140468,0.6334009854925284,0.1613792642140468,0.0
0.16783043478260867,1.0,0.16783043478260867,0.0,1.145,1.1409897706446754,0.16783043478260867,0.6334009854925284,0.16783043478260867,0.0
0.17428160535117057,1.0,0.17428160535117057,0.0,1.145,1.1422528430961378,0.17428160535117057,0.6334009854925284,0.17428160535117057,0.0
0.18073277591973244,1.0,0.18073277591973244,0.0,1.146,1.1434975796941742,0.18073277591973244,0.6334009854925284,0.18073277591973244,0.0
0.1871839464882943,1.0,0.1871839464882943,0.0,1.146,1.144725650050574,0.1871839464882943,0.6334009854925284,0.1871839464882943,0.0
0.19363511705685618,1.0,0.19363511705685618,0.0,1.147,1.1459385885506648,0.19363511705685618,0.6334009854925284,0.19363511705685618,0.0
0.20008628762541805,1.0,0.20008628762541805,0.0,1.148,1.1471378123007878,0.20008628762541805,0.6334009854925284,0.20008628762541805,0.0
0.20653745819397992,1.0,0.20653745819397992,0.0,1.148,1.1483246364618638,0.20653745819397992,0.6334009854925284,0.20653745819397992,0.0
0.2129886287625418,1.0,0.2129886287625418,0.0,1.148,1.1495002874390567,0.2129886287625418,0.6334009854925284,0.2129886287625418,0.0
0.21943979933110366,1.0,0.21943979933110366,0.0,1.149,1.1506659143040618,0.21943979933110366,0.6334009854925284,0.21943979933110366,0.0
0.22589096989966553,1.0,0.22589096989966553,0.0,1.15,1.1518225987540753,0.22589096989966553,0.6334009854925284,0.22589096989966553,0.0
0.2323421404682274,1.0,0.2323421404682274,0.0,1.151,1.1529713638549217,0.2323421404682274,0.6334009854925284,0.2323421404682274,0.0
0.23879331103678927,1.0,0.23879331103678927,0.0,1.1520000000000001,1.1541131817713488,0.23879331103678927,0.6334009854925284,0.23879331103678927,0.0
0.24524448160535117,1.0,0.24524448160535117,0.0,1.153,1.1552489806523578,0.24524448160535117,0.6334009854925284,0.24524448160535117,0.0
0.25169565217391304,1.0,0.25169565217391304,0.0,1.1540000000000001,1.156379650811518,0.25169565217391304,0.6334009854925284,0.25169565217391304,0.0
0.2581468227424749,1.0,0.2581468227424749,0.0,1.155,1.1575060503199626,0.2581468227424749,0.6334009854925284,0.2581468227424749,0.0
0.2645979933110368,1.0,0.2645979933110368,0.0,1.155,1.1586290101120036,0.2645979933110368,0.6334009854925284,0.2645979933110368,0.0
0.27104916387959865,1.0,0.27104916387959865,0.0,1.156,1.1597493386890887,0.27104916387959865,0.6334009854925284,0.27104916387959865,0.0
0.2775003344481605,1.0,0.2775003344481605,0.0,1.157,1.1608678264965167,0.2775003344481605,0.6334009854925284,0.2775003344481605,0.0
0.2839515050167224,1.0,0.2839515050167224,0.0,1.158,1.1619852500383527,0.2839515050167224,0.6334009854925284,0.2839515050167224,0.0
0.29040267558528426,1.0,0.29040267558528426,0.0,1.159,1.1631023757889754,0.29040267558528426,0.6334009854925284,0.29040267558528426,0.0
0.29685384615384613,1.0,0.29685384615384613,0.0,1.16,1.1642199639543065,0.29685384615384613,0.6334009854925284,0.29685384615384613,0.0
0.303305016722408,1.0,0.303305016722408,0.0,1.16,1.1653387721318103,0.303305016722408,0.6334009854925284,0.303305016722408,0.0
0.3097561872909699,1.0,0.3097561872909699,0.0,1.16,1.1664595589156428,0.3097561872909699,0.6334009854925284,0.3097561872909699,0.0
0.31620735785953175,1.0,0.31620735785953175,0.0,1.161,1.1675830874917357,0.31620735785953175,0.6334009854925284,0.31620735785953175,0.0
0.3226585284280936,1.0,0.3226585284280936,0.0,1.162,1.1687101292670874,0.3226585284280936,0.6334009854925284,0.3226585284280936,0.0
0.3291096989966555,1.0,0.3291096989966555,0.0,1.162,1.1698414675780533,0.3291096989966555,0.6334009854925284,0.3291096989966555,0.0
0.33556086956521736,1.0,0.33556086956521736,0.0,1.165,1.1709779015239963,0.33556086956521736,0.6334009854925284,0.33556086956521736,0.0
0.3420120401337792,1.0,0.3420120401337792,0.0,1.165,1.1721202499753294,0.3420120401337792,0.6334009854925284,0.3420120401337792,0.0
0.34846321070234115,1.0,0.34846321070234115,0.0,1.167,1.1732693558088645,0.34846321070234115,0.6334009854925284,0.34846321070234115,0.0
0.354914381270903,1.0,0.354914381270903,0.0,1.168,1.1744260904285913,0.354914381270903,0.6334009854925284,0.354914381270903,0.0
0.3613655518394649,1.0,0.3613655518394649,0.0,1.168,1.1755913586367779,0.3613655518394649,0.6334009854925284,0.3613655518394649,0.0
0.36781672240802676,1.0,0.36781672240802676,0.0,1.172,1.176766103928863,0.36781672240802676,0.6334009854925284,0.36781672240802676,0.0
0.37426789297658863,1.0,0.37426789297658863,0.0,1.172,1.1779513142963363,0.37426789297658863,0.6334009854925284,0.37426789297658863,0.0
0.3807190635451505,1.0,0.3807190635451505,0.0,1.179,1.1791480286351794,0.3807190635451505,0.6334009854925284,0.3807190635451505,0.0
0.3871702341137124,1.0,0.3871702341137124,0.0,1.181,1.1803573438740023,0.3871702341137124,0.6334009854925284,0.3871702341137124,0.0
0.39362140468227425,1.0,0.39362140468227425,0.0,1.185,1.1815804229565714,0.39362140468227425,0.6334009854925284,0.39362140468227425,0.0
0.4000725752508361,1.0,0.4000725752508361,0.0,1.185,1.182818503838955,0.4000725752508361,0.6334009854925284,0.4000725752508361,0.0
0.406523745819398,1.0,0.406523745819398,0.0,1.188,1.1840729096933273,0.406523745819398,0.6334009854925284,0.406523745819398,0.0
0.41297491638795986,1.0,0.41297491638795986,0.0,1.189,1.1853450605502711,0.41297491638795986,0.6334009854925284,0.41297491638795986,0.0
0.4194260869565217,1.0,0.4194260869565217,0.0,1.19,1.1866364866614474,0.4194260869565217,0.6334009854925284,0.4194260869565217,0.0
0.4258772575250836,1.0,0.4258772575250836,0.0,1.1909999999999998,1.187948843927774,0.4258772575250836,0.6334009854925284,0.4258772575250836,0.0
0.43232842809364547,1.0,0.43232842809364547,0.0,1.196,1.1892839318187551,0.43232842809364547,0.6334009854925284,0.43232842809364547,0.0
0.43877959866220734,1.0,0.43877959866220734,0.0,1.196,1.190643714311788,0.43877959866220734,0.6334009854925284,0.43877959866220734,0.0
0.4452307692307692,1.0,0.4452307692307692,0.0,1.196,1.1920303445135139,0.4452307692307692,0.6334009854925284,0.4452307692307692,0.0
0.4516819397993311,1.0,0.4516819397993311,0.0,1.196,1.1934461937988092,0.4516819397993311,0.6334009854925284,0.4516819397993311,0.0
0.45813311036789295,1.0,0.45813311036789295,0.0,1.199,1.1948938865310215,0.45813311036789295,0.6334009854925284,0.45813311036789295,0.0
0.4645842809364548,1.0,0.4645842809364548,0.0,1.2009999999999998,1.1963763417295976,0.4645842809364548,0.6334009854925284,0.4645842809364548,0.0
0.4710354515050167,1.0,0.4710354515050167,0.0,1.202,1.19789682345692,0.4710354515050167,0.6334009854925284,0.4710354515050167,0.0
0.47748662207357856,1.0,0.47748662207357856,0.0,1.202,1.199459002246309,0.47748662207357856,0.6334009854925284,0.47748662207357856,0.0
0.4839377926421405,1.0,0.4839377926421405,0.0,1.206,1.2010670306484927,0.4839377926421405,0.6334009854925284,0.4839377926421405,0.0
0.49038896321070236,1.0,0.49038896321070236,0.0,1.207,1.2027256370248236,0.49038896321070236,0.6334009854925284,0.49038896321070236,0.0
0.4968401337792642,1.0,0.4968401337792642,0.0,1.21,1.2044402431993646,0.4968401337792642,0.6334009854925284,0.4968401337792642,0.0
0.5032913043478261,1.0,0.5032913043478261,0.0,1.213,1.2062171137105926,0.5032913043478261,0.6334009854925284,0.5032913043478261,0.0
0.5097424749163879,1.0,0.5097424749163879,0.0,1.214,1.2080635475109758,0.5097424749163879,0.6334009854925284,0.5097424749163879,0.0
0.5161936454849498,1.0,0.5161936454849498,0.0,1.215,1.2099881275878335,0.5161936454849498,0.6334009854925284,0.5161936454849498,0.0
0.5226448160535117,1.0,0.5226448160535117,0.0,1.215,1.2120010510119539,0.5226448160535117,0.6334009854925284,0.5226448160535117,0.0
0.5290959866220736,1.0,0.5290959866220736,0.0,1.219,1.2141145728742226,0.5290959866220736,0.6334009854925284,0.5290959866220736,0.0
0.5355471571906354,1.0,0.5355471571906354,0.0,1.22,1.2163436150954965,0.5355471571906354,0.6334009854925284,0.5355471571906354,0.0
0.5419983277591973,1.0,0.5419983277591973,0.0,1.222,1.2187066200001961,0.5419983277591973,0.6334009854925284,0.5419983277591973,0.0
0.5484494983277591,1.0,0.5484494983277591,0.0,1.2229999999999999,1.2212267779067032,0.5484494983277591,0.6334009854925284,0.5484494983277591,0.0
0.5549006688963211,1.0,0.5549006688963211,0.0,1.2229999999999999,1.22393384573812,0.5549006688963211,0.6334009854925284,0.5549006688963211,0.0
0.561351839464883,1.0,0.561351839464883,0.0,1.224,1.2268669371344672,0.561351839464883,0.6334009854925284,0.561351839464883,0.0
0.5678030100334448,1.0,0.5678030100334448,0.0,1.227,1.230078986499934,0.5678030100334448,0.6334009854925284,0.5678030100334448,0.0
0.5742541806020067,1.0,0.5742541806020067,0.0,1.2309999999999999,1.2336442674188133,0.5742541806020067,0.6334009854925284,0.5742541806020067,0.0
0.5807053511705685,1.0,0.5807053511705685,0.0,1.234,1.2376718967471847,0.5807053511705685,0.6334009854925284,0.5807053511705685,0.0
0.5871565217391305,1.0,0.5871565217391305,0.0,1.247,1.2423321961976286,0.5871565217391305,0.6334009854925284,0.5871565217391305,0.0
0.5936076923076923,1.0,0.5936076923076923,0.0,1.251,1.2479142890533779,0.5936076923076923,0.6334009854925284,0.5936076923076923,0.0
0.6000588628762542,1.0,0.6000588628762542,0.0,1.253,1.254974161580009,0.6000588628762542,0.6334009854925284,0.6000588628762542,0.0
0.606510033444816,1.0,0.606510033444816,0.0,1.262,1.2648292034017656,0.606510033444816,0.6334009854925284,0.606510033444816,0.0
0.612961204013378,1.0,0.612961204013378,0.0,1.286,1.2823856775666695,0.612961204013378,0.6334009854925284,0.612961204013378,0.0
0.6194123745819398,1.0,0.6194123745819398,0.0,,,0.6194123745819398,0.6334009854925284,0.6194123745819398,0.0
0.6258635451505017,1.0,0.6258635451505017,0.0,,,0.6258635451505017,0.6334009854925284,0.6258635451505017,0.0
0.6323147157190635,1.0,0.6323147157190635,0.0,,,0.6323147157190635,0.6334009854925284,0.6323147157190635,0.0
0.6387658862876254,1.0,0.6387658862876254,0.0,,,0.6387658862876254,0.6334009854925284,0.6387658862876254,0.0
0.6452170568561872,1.0,0.6452170568561872,0.0,,,0.6452170568561872,0.6334009854925284,0.6452170568561872,0.0
0.6516682274247492,1.0,0.6516682274247492,0.0,,,0.6516682274247492,0.6334009854925284,0.6516682274247492,0.0
0.658119397993311,1.0,0.658119397993311,8.357861205866e-311,,,0.658119397993311,0.6334009854925284,0.658119397993311,8.357861205866e-311
0.6645705685618729,1.0,0.6645705685618729,1.697871295817932e-265,,,0.6645705685618729,0.6645705685618729,0.6645705685618729,1.697871295817932e-265
0.6710217391304347,1.0,0.6710217391304347,2.3178447306381577e-231,,,0.6710217391304347,0.6710217391304347,0.6710217391304347,2.3178447306381577e-231
0.6774729096989967,1.0,0.6774729096989967,1.851150955115587e-204,,,0.6774729096989967,0.6774729096989967,0.6774729096989967,1.851150955115587e-204
0.6839240802675585,1.0,0.6839240802675585,1.4224187050861189e-182,,,0.6839240802675585,0.6839240802675585,0.6839240802675585,1.4224187050861189e-182
0.6903752508361204,1.0,0.6903752508361204,2.4118690975722892e-164,,,0.6903752508361204,0.6903752508361204,0.6903752508361204,2.4118690975722892e-164
0.6968264214046823,1.0,0.6968264214046823,7.008884072430217e-149,,,0.6968264214046823,0.6968264214046823,0.6968264214046823,7.008884072430217e-149
0.7032775919732441,1.0,0.7032775919732441,1.427010685476929e-135,,,0.7032775919732441,0.7032775919732441,0.7032775919732441,1.427010685476929e-135
0.7097287625418061,1.0,0.7097287625418061,5.561241247156506e-124,,,0.7097287625418061,0.7097287625418061,0.7097287625418061,5.561241247156506e-124
0.7161799331103679,1.0,0.7161799331103679,8.694874728907935e-114,,,0.7161799331103679,0.7161799331103679,0.7161799331103679,8.694874728907935e-114
0.7226311036789298,1.0,0.7226311036789298,9.538786605165537e-105,,,0.7226311036789298,0.7226311036789298,0.7226311036789298,9.538786605165537e-105
0.7290822742474916,1.0,0.7290822742474916,1.1305484714024332e-96,,,0.7290822742474916,0.7290822742474916,0.7290822742474916,1.1305484714024332e-96
0.7355334448160535,1.0,0.7355334448160535,2.032519362356251e-89,,,0.7355334448160535,0.7355334448160535,0.7355334448160535,2.032519362356251e-89
0.7419846153846154,1.0,0.7419846153846154,7.269169954858982e-83,,,0.7419846153846154,0.7419846153846154,0.7419846153846154,7.269169954858982e-83
0.7484357859531773,1.0,0.7484357859531773,6.442279533500857e-77,,,0.7484357859531773,0.7484357859531773,0.7484357859531773,6.442279533500857e-77
0.7548869565217391,1.0,0.7548869565217391,1.6941004014620069e-71,,,0.7548869565217391,0.7548869565217391,0.7548869565217391,1.6941004014620069e-71
0.761338127090301,1.0,0.761338127090301,1.5347967001632963e-66,,,0.761338127090301,0.761338127090301,0.761338127090301,1.5347967001632963e-66
0.7677892976588628,1.0,0.7677892976588628,5.428486365421398e-62,,,0.7677892976588628,0.7677892976588627,0.7677892976588628,5.428486365421398e-62
0.7742404682274248,1.0,0.7742404682274248,8.330703613053764e-58,,,0.7742404682274248,0.7742404682274248,0.7742404682274248,8.330703613053764e-58
0.7806916387959866,1.0,0.7806916387959866,6.068660787408196e-54,,,0.7806916387959866,0.7806916387959866,0.7806916387959866,6.068660787408196e-54
0.7871428093645485,1.0,0.7871428093645485,2.266596704306688e-50,,,0.7871428093645485,0.7871428093645485,0.7871428093645485,2.266596704306688e-50
0.7935939799331103,1.0,0.7935939799331103,4.638734709313248e-47,,,0.7935939799331103,0.7935939799331103,0.7935939799331103,4.638734709313248e-47
0.8000451505016722,1.0,0.8000451505016722,5.511027798727599e-44,,,0.8000451505016722,0.8000451505016722,0.8000451505016722,5.511027798727599e-44
0.8064963210702341,1.0,0.8064963210702341,3.997146990246272e-41,,,0.8064963210702341,0.8064963210702341,0.8064963210702341,3.997146990246272e-41
0.812947491638796,1.0,0.812947491638796,1.8498813721967746e-38,,,0.812947491638796,0.812947491638796,0.812947491638796,1.8498813721967746e-38
0.8193986622073578,1.0,0.8193986622073578,5.679753393691323e-36,,,0.8193986622073578,0.8193986622073578,0.8193986622073578,5.679753393691323e-36
0.8258498327759197,1.0,0.8258498327759197,1.1975160818075737e-33,,,0.8258498327759197,0.8258498327759197,0.8258498327759197,1.1975160818075737e-33
0.8323010033444816,1.0,0.8323010033444816,1.7877606141594072e-31,,,0.8323010033444816,0.8323010033444816,0.8323010033444816,1.7877606141594072e-31
0.8387521739130435,1.0,0.8387521739130435,1.9421763279433377e-29,,,0.8387521739130435,0.8387521739130435,0.8387521739130435,1.9421763279433377e-29
0.8452033444816054,1.0,0.8452033444816054,1.5734459972504663e-27,,,0.8452033444816054,0.8452033444816054,0.8452033444816054,1.5734459972504663e-27
0.8516545150501672,1.0,0.8516545150501672,9.717412071628637e-26,,,0.8516545150501672,0.8516545150501672,0.8516545150501672,9.717412071628637e-26
0.8581056856187291,1.0,0.8581056856187291,4.6665122327604706e-24,,,0.8581056856187291,0.8581056856187292,0.8581056856187291,4.6665122327604706e-24
0.864556856187291,1.0,0.864556856187291,1.7740115876568137e-22,,,0.864556856187291,0.864556856187291,0.864556856187291,1.7740115876568137e-22
0.8710080267558529,1.0,0.8710080267558529,5.426164310547259e-21,,,0.8710080267558529,0.8710080267558529,0.8710080267558529,5.426164310547259e-21
0.8774591973244147,1.0,0.8774591973244147,1.3552144230958889e-19,,,0.8774591973244147,0.8774591973244147,0.8774591973244147,1.3552144230958889e-19
0.8839103678929766,1.0,0.8839103678929766,2.8011539248929267e-18,,,0.8839103678929766,0.8839103678929765,0.8839103678929766,2.8011539248929267e-18
0.8903615384615384,1.0,0.8903615384615384,4.8507352163277034e-17,,,0.8903615384615384,0.8903615384615384,0.8903615384615384,4.8507352163277034e-17
0.8968127090301004,1.0,0.8968127090301004,7.116966735157212e-16,,,0.8968127090301004,0.8968127090301004,0.8968127090301004,7.116966735157212e-16
0.9032638795986622,1.0,0.9032638795986622,8.938598853223294e-15,,,0.9032638795986622,0.9032638795986621,0.9032638795986622,8.938598853223294e-15
0.9097150501672241,0.9999999999999998,0.9097150501672241,9.701491944541226e-14,,,0.9097150501672241,0.9097150501672241,0.9097150501672241,9.701491944541229e-14
0.9161662207357859,0.9999999999999973,0.9161662207357859,9.178745296387168e-13,,,0.9161662207357859,0.9161662207357859,0.9161662207357859,9.178745296387192e-13
0.9226173913043478,0.9999999999999767,0.9226173913043478,7.63116652611701e-12,,,0.9226173913043478,0.9226173913043477,0.9226173913043478,7.631166526117187e-12
0.9290685618729096,0.9999999999998184,0.9290685618729096,5.6167214407341234e-11,,,0.9290685618729096,0.9290685618729096,0.9290685618729096,5.616721440735144e-11
0.9355197324414716,0.9999999999987378,0.9355197324414716,3.6850236551001326e-10,,,0.9355197324414716,0.9355197324414716,0.9355197324414716,3.685023655104784e-10
0.9419709030100334,0.9999999999921303,0.9419709030100334,2.1688329447518272e-09,,,0.9419709030100334,0.9419709030100334,0.9419709030100334,2.1688329447688953e-09
0.9484220735785953,0.9999999999557186,0.9484220735785953,1.1518742608757483e-08,,,0.9484220735785953,0.9484220735785953,0.9484220735785953,1.1518742609267549e-08
0.9548732441471571,0.9999999997738857,0.9548732441471571,5.5508736881547e-08,,,0.9548732441471571,0.954873244147157,0.9548732441471571,5.550873689409832e-08
0.9613244147157191,0.9999999989467665,0.9613244147157191,2.439575660105052e-07,,,0.9613244147157191,0.9613244147157191,0.9613244147157191,2.4395756626744947e-07
0.967775585284281,0.999999995503171,0.967775585284281,9.825002574682444e-07,,,0.967775585284281,0.9677755852842809,0.967775585284281,9.8250026188638e-07
0.9742267558528428,0.9999999823220829,0.9742267558528428,3.642061958717115e-06,,,0.9742267558528428,0.9742267558528428,0.9742267558528428,3.642062023101186e-06
0.9806779264214047,0.9999999357414081,0.9806779264214047,1.2478506460459706e-05,,,0.9806779264214047,0.9806779264214047,0.9806779264214047,1.2478507262311011e-05
0.9871290969899665,0.9999997831677192,0.9871290969899665,3.967040649373676e-05,,,0.9871290969899665,0.9871290969899665,0.9871290969899665,3.967041509556335e-05
0.9935802675585285,0.9999993182567427,0.9935802675585285,0.00011744666458902669,,,0.9935802675585285,0.9935802675585285,0.9935802675585285,0.00011744674465755295
1.0000314381270903,0.9999979958214038,1.0000314381270903,0.0003249132649337063,,,1.0000314381270903,1.0000314381270903,1.0000314381270903,0.0003249139161192226
1.0064826086956522,0.999994472918724,1.0064826086956522,0.0008426335466569538,,,1.0064826086956522,1.0064826086956522,1.0064826086956522,0.0008426382039867935
1.0129337792642141,0.9999856569269029,1.0129337792642141,0.0020547663557089844,,,1.0129337792642141,1.0129337792642141,1.0129337792642141,0.002054795827795742
1.0193849498327758,0.9999648728475982,1.0193849498327758,0.004724639733774827,,,1.0193849498327758,1.0193849498327758,1.0193849498327758,0.004724805702744816
1.0258361204013378,0.9999185866087779,1.0258361204013378,0.010271069765863925,,,1.0258361204013378,1.0258361204013378,1.0258361204013378,0.010271906036568678
1.0322872909698997,0.9998209663958377,1.0322872909698997,0.021163856671575512,,,1.0322872909698997,1.0322872909698997,1.0322872909698997,0.021167646391600632
1.0387384615384616,0.9996255156879073,1.0387384615384616,0.041431964737965406,,,1.0387384615384616,1.0387384615384616,1.0387384615384616,0.04144748617131224
1.0451896321070233,0.9992531846639912,1.0451896321070233,0.07723419649441271,,,1.0451896321070233,1.0451896321070233,1.0451896321070233,0.07729191928508437
1.0516408026755852,0.9985768736331856,1.0516408026755852,0.13738372656974673,,,1.0516408026755852,1.0516408026755852,1.0516408026755852,0.13757951961163972
1.0580919732441472,0.9974031404439553,1.0580919732441472,0.23365802593310908,,,1.0580919732441472,1.0580919732441472,1.0580919732441472,0.23426638282801604
1.064543143812709,0.9954531551364721,1.064543143812709,0.3806864788228359,,,1.064543143812709,1.064543143812709,1.064543143812709,0.38242530736732205
1.0709943143812708,0.9923462944864925,1.0709943143812708,0.5952146489017174,,,1.0709943143812708,1.0709943143812708,1.0709943143812708,0.5998053826660601
1.0774454849498327,0.9875908725527365,1.0774454849498327,0.89461584869993,,,1.0774454849498327,1.0774454849498327,1.0774454849498327,0.9058567404410255
1.0838966555183946,0.9805869214417068,1.0838966555183946,1.2946600531979258,,,1.0838966555183946,1.0838966555183946,1.0838966555183946,1.3202909654296158
1.0903478260869566,0.9706452860684917,1.0903478260869566,1.806736597044989,,,1.0903478260869566,1.0903478260869566,1.0903478260869566,1.8613767799388459
1.0967989966555183,0.9570254031728861,1.0967989966555183,2.434917439836123,,,1.0967989966555183,1.0967989966555183,1.0967989966555183,2.544255807383471
1.1032501672240802,0.9389911486873875,1.1032501672240802,3.1733867827185493,,,1.1032501672240802,1.1032501672240802,1.1032501672240802,3.3795704966491065
1.1097013377926421,0.9158805607175902,1.1097013377926421,4.004799902481172,,,1.1097013377926421,1.1097013377926421,1.1097013377926421,4.372622451276202
1.116152508361204,0.8871818417042341,1.116152508361204,4.90004132536937,,,1.116152508361204,1.116152508361204,1.116152508361204,5.523153309761868
1.122603678929766,0.8526056486281433,1.122603678929766,5.819636668552446,,,1.122603678929766,1.122603678929766,1.122603678929766,6.825707380564906
1.1290548494983277,0.8121429683826852,1.1290548494983277,6.716776177719668,,,1.1290548494983277,1.1290548494983277,1.1290548494983277,8.270435673531184
1.1355060200668896,0.7660991571184687,1.1355060200668896,7.541598677182048,,,1.1355060200668896,1.1355060200668896,1.1355060200668896,9.844154776972067
1.1419571906354515,0.7150978423318152,1.1419571906354515,8.246135606639251,,,1.1419571906354515,1.1419571906354515,1.1419571906354515,11.531478797013252
1.1484083612040135,0.6600527551064809,1.1484083612040135,8.789184223673097,,,1.1484083612040135,1.1484083612040135,1.1484083612040135,13.315881428682484
1.1548595317725752,0.6021103055408521,1.1548595317725752,9.140394295858766,,,1.1548595317725752,1.1548595317725752,1.1548595317725752,15.180597660836094
1.161310702341137,0.5425699064244045,1.161310702341137,9.283004531159781,,,1.161310702341137,1.161310702341137,1.161310702341137,17.109324386116075
1.167761872909699,0.48279192400832327,1.167761872909699,9.214912980319133,,,1.167761872909699,1.167761872909699,1.167761872909699,19.086717324957302
1.174213043478261,0.4241042548653243,1.174213043478261,8.948050875049711,,,1.174213043478261,1.174213043478261,1.174213043478261,21.098705736614676
1.1806642140468226,0.3677178526386934,1.1806642140468226,8.506291349731129,,,1.1806642140468226,1.1806642140468226,1.1806642140468226,23.13265806566403
1.1871153846153846,0.3146593713488688,1.1871153846153846,7.922315674126569,,,1.1871153846153846,1.1871153846153844,1.1871153846153846,25.177434379804147
1.1935665551839465,0.2657260053283321,1.1935665551839465,7.2339543627025895,,,1.1935665551839465,1.1935665551839465,1.1935665551839465,27.22335871404188
1.2000177257525084,0.22146422978905533,1.2000177257525084,6.480517089628085,,,1.2000177257525084,1.2000177257525084,1.2000177257525084,29.262139063273455
1.2064688963210701,0.18217106439452824,1.2064688963210701,5.69954176277653,,,1.2064688963210701,1.2064688963210701,1.2064688963210701,31.28675666313845
1.212920066889632,0.1479141194798964,1.212920066889632,4.924259311418444,,,1.212920066889632,1.212920066889632,1.212920066889632,33.29134046657202
1.219371237458194,0.11856525779119487,1.219371237458194,4.181919698071815,,,1.219371237458194,1.219371237458194,1.219371237458194,35.271037873814514
1.225822408026756,0.09384222878406778,1.225822408026756,3.492985018639141,,,1.225822408026756,1.225822408026756,1.225822408026756,37.22188895019263
1.2322735785953176,0.0733529650165139,1.2322735785953176,2.871087022061801,,,1.2322735785953176,1.2322735785953176,1.2322735785953176,39.14070851008457
1.2387247491638795,0.05663813476659463,1.2387247491638795,2.323578255901221,,,1.2387247491638795,1.2387247491638795,1.2387247491638795,41.02497840856997
1.2451759197324415,0.04320875679121727,1.2451759197324415,1.852478270601669,,,1.2451759197324415,1.2451759197324415,1.2451759197324415,42.87275099241477
1.2516270903010034,0.03257696085970796,1.2516270903010034,1.4556221306684243,,,1.2516270903010034,1.2516270903010034,1.2516270903010034,44.6825637583884
1.2580782608695653,0.02427913678479965,1.2580782608695653,1.12784759600806,,,1.2580782608695653,1.2580782608695653,1.2580782608695653,46.45336471410992
1.264529431438127,0.01789164041655722,1.264529431438127,0.8620988106314761,,,1.264529431438127,1.264529431438127,1.264529431438127,48.18444762804844
1.270980602006689,0.013039869568085671,1.270980602006689,0.6503686612456067,,,1.270980602006689,1.270980602006689,1.270980602006689,49.87539621081383
1.2774317725752509,0.00940189161968874,1.2774317725752509,0.48444220823898876,,,1.2774317725752509,1.2774317725752509,1.2774317725752509,51.52603623131605
1.2838829431438128,0.006707938597177776,1.2838829431438128,0.35643567223823225,,,1.2838829431438128,1.283882943143813,1.2838829431438128,53.13639459791642
1.2903341137123745,0.004737043613420866,1.2903341137123745,0.25914785567344084,,,1.2903341137123745,1.2903341137123743,1.2903341137123745,54.7066644983445
1.2967852842809364,0.003311936775884594,1.2967852842809364,0.18625397061920074,,,1.2967852842809364,1.2967852842809364,1.2967852842809364,56.23717577442391
1.3032364548494983,0.002293104458716999,1.3032364548494983,0.13237718217499708,,,1.3032364548494983,1.3032364548494981,1.3032364548494983,57.72836979657814
1.3096876254180603,0.0015726867082297424,1.3096876254180603,0.09307282324435272,,,1.3096876254180603,1.3096876254180605,1.3096876254180603,59.18077819142882
1.316138795986622,0.0010686734137116405,1.316138795986622,0.06475627069669981,,,1.316138795986622,1.3161387959866215,1.316138795986622,60.59500485914863
1.322589966555184,0.00071967806377915,1.322589966555184,0.04459968083308105,,,1.322589966555184,1.3225899665551841,1.322589966555184,61.971710793685524
1.3290411371237458,0.0004804255984275363,1.3290411371237458,0.030416513935787964,,,1.3290411371237458,1.3290411371237472,1.3290411371237458,63.31160128715697
1.3354923076923078,0.0003179880111185973,1.3354923076923078,0.0205469273543832,,,1.3354923076923078,1.335492307692307,1.3354923076923078,64.61541516016459
1.3419434782608695,0.00020873347187400082,1.3419434782608695,0.013752178467260597,,,1.3419434782608695,1.3419434782608666,1.3419434782608695,65.88391571219549
1.3483946488294314,0.00013591520323796846,1.3483946488294314,0.009122340726734672,,,1.3483946488294314,1.3483946488294263,1.3483946488294314,67.11788313160767
1.3548458193979933,8.780802690655509e-05,1.3548458193979933,0.005998878278105032,,,1.3548458193979933,1.354845819397986,1.3548458193979933,68.31810814390593
1.3612969899665552,5.629684510266575e-05,1.3612969899665552,0.003911808052528547,,,1.3612969899665552,1.361296989966559,1.3612969899665552,69.48538671029927
1.367748160535117,3.582685994252266e-05,1.367748160535117,0.0025301113220592255,,,1.367748160535117,1.3677481605351007,1.367748160535117,70.62051561644824
1.3741993311036789,2.263587278272805e-05,1.3741993311036789,0.001623541877109788,,,1.3741993311036789,1.3741993311037066,1.3741993311036789,71.72428881773034
1.3806505016722408,1.4201567975602458e-05,1.3806505016722408,0.0010338385654885215,,,1.3806505016722408,1.3806505016722586,1.3806505016722408,72.79749442206673
1.3871016722408027,8.849331211480127e-06,1.3871016722408027,0.0006534426891855211,,,1.3871016722408027,1.3871016722408067,1.3871016722408027,73.8409122191989
1.3935528428093646,5.477748396209847e-06,1.3935528428093646,0.0004100385634289877,,,1.3935528428093646,1.3935528428092634,1.3935528428093646,74.8553116665053
1.4000040133779263,3.368925634350539e-06,1.4000040133779263,0.0002555042059595958,,,1.4000040133779263,1.4000040133780247,1.4000040133779263,75.84145026960557
1.4064551839464883,2.0590012735910435e-06,1.4064551839464883,0.00015813144663827166,,,1.4064551839464883,1.4064551839464476,1.4064551839464883,76.80007228090697
1.4129063545150502,1.2507592405119894e-06,1.4129063545150502,9.722390183352924e-05,,,1.4129063545150502,1.4129063545146368,1.4129063545150502,77.73190769610571
1.4193575250836121,7.552952997480489e-07,1.4193575250836121,5.9394663651068264e-05,,,1.4193575250836121,1.4193575250836843,1.4193575250836121,78.63767147879923
1.4258086956521738,4.5347971278086874e-07,1.4258086956521738,3.605982835423496e-05,,,1.4258086956521738,1.4258086956527922,1.4258086956521738,79.51806296494647
1.4322598662207358,2.707491409958962e-07,1.4322598662207358,2.1761127956708113e-05,,,1.4322598662207358,1.432259866220452,1.4322598662207358,80.37376545928893
1.4387110367892977,1.6077284192839159e-07,1.4387110367892977,1.3055630330499386e-05,,,1.4387110367892977,1.4387110367867095,1.4387110367892977,81.20544598144492
1.4451622073578596,9.496444919321334e-08,1.4451622073578596,7.788391088492177e-06,,,1.4451622073578596,1.4451622073649117,1.4451622073578596,82.0137551963896
1.4516133779264213,5.580547013384063e-08,1.4516133779264213,4.6206553658059445e-06,,,1.4516133779264213,1.4516133779163387,1.4516133779264213,82.79932692483426
1.4580645484949832,3.263042069878708e-08,1.4580645484949832,2.726688642838668e-06,,,1.4580645484949832,1.4580645485138364,1.4580645484949832,83.5627792852828
1.4645157190635452,1.89871547373599e-08,1.4645157190635452,1.6007066280399487e-06,,,1.4645157190635452,1.464515719058634,1.4645157190635452,84.30471285359744
1.470966889632107,1.0996332955315324e-08,1.470966889632107,9.349710566625811e-07,,,1.470966889632107,1.470966889681324,1.470966889632107,85.02571361397727
1.4774180602006688,6.33934671423475e-09,1.4774180602006688,5.434490480042971e-07,,,1.4774180602006688,1.4774180601379139,1.4774180602006688,85.72634886557063
1.4838692307692307,3.6383629442582333e-09,1.4838692307692307,3.143806648106668e-07,,,1.4838692307692307,1.483869230891921,1.4838692307692307,86.40717532229617
1.4903204013377926,2.0791566246458615e-09,1.4903204013377926,1.810295148237736e-07,,,1.4903204013377926,1.4903204010633462,1.4903204013377926,87.06872424996264
1.4967715719063546,1.183154019201993e-09,1.4967715719063546,1.0377624561286541e-07,,,1.4967715719063546,1.4967715717988104,1.4967715719063546,87.71152692602087
1.5032227424749163,6.705328514655662e-10,1.5032227424749163,5.923225243676216e-08,,,1.5032227424749163,1.5032227433333456,1.5032227424749163,88.33609316426447
1.5096739130434782,3.7850711454012753e-10,1.5096739130434782,3.3665519337962553e-08,,,1.5096739130434782,1.5096739132163413,1.5096739130434782,88.94289709419317
1.5161250836120401,2.128395237832592e-10,1.5161250836120401,1.9056037985663264e-08,,,1.5161250836120401,1.5161250819949614,1.5161250836120401,89.5324216430243
1.522576254180602,1.1923462217566794e-10,1.522576254180602,1.0743653986731994e-08,,,1.522576254180602,1.5225762524087638,1.522576254180602,90.10515394516374
1.529027424749164,6.655342943417963e-11,1.529027424749164,6.033841792267195e-09,,,1.529027424749164,1.529027433546251,1.529027424749164,90.66162094974499
1.5354785953177257,3.701716710935443e-11,1.5354785953177257,3.376037564605508e-09,,,1.5354785953177257,1.5354785867637455,1.5354785953177257,91.20194299666886
1.5419297658862876,2.0518364785004906e-11,1.5419297658862876,1.882086635746744e-09,,,1.5419297658862876,1.5419297588219703,1.5419297658862876,91.72693123782447
1.5483809364548495,1.1335266059120386e-11,1.5483809364548495,1.045531523338493e-09,,,1.5483809364548495,1.5483809552879126,1.5483809364548495,92.23705185969196
1.5548321070234115,6.241895889047555e-12,1.5548321070234115,5.788215824854794e-10,,,1.5548321070234115,1.5548320577296944,1.5548321070234115,92.73169446820127
1.5612832775919732,3.426370298598158e-12,1.5612832775919732,3.1937872678272854e-10,,,1.5612832775919732,1.5612831521328792,1.5612832775919732,93.21197037967465
1.567734448160535,1.875055666289427e-12,1.567734448160535,1.7565614070775968e-10,,,1.567734448160535,1.5677344934735422,1.567734448160535,93.68049379321522
1.574185618729097,1.0230705171920818e-12,1.574185618729097,9.630702942616542e-11,,,1.574185618729097,1.5741858091391734,1.574185618729097,94.13527983436526
1.580636789297659,5.566658245470535e-13,1.580636789297659,5.264171264289004e-11,,,1.580636789297659,1.580635915813457,1.580636789297659,94.56609391410622
1.5870879598662206,3.019806626980426e-13,1.5870879598662206,2.8689195652535854e-11,,,1.5870879598662206,1.587088185518127,1.5870879598662206,95.00341974288214
1.5935391304347826,1.6342482922482304e-13,1.5935391304347826,1.5590533266374613e-11,,,1.5935391304347826,1.5935372020169507,1.5935391304347826,95.39880408825003
1.5999903010033445,8.815170815523743e-14,1.5999903010033445,8.44879289765096e-12,,,1.5999903010033445,1.5999929820581378,1.5999903010033445,95.84377971181702
1.6064414715719064,4.7406523151494184e-14,1.6064414715719064,4.566204023106174e-12,,,1.6064414715719064,1.6064533546884678,1.6064414715719064,96.32016270238233
1.6128926421404681,2.55351295663786e-14,1.6128926421404681,2.4613750822151044e-12,,,1.6128926421404681,1.6128714212124273,1.6128926421404681,96.39172089637364
1.61934381270903,1.3655743202889425e-14,1.61934381270903,1.3234150580761985e-12,,,1.61934381270903,1.6193390320264038,1.61934381270903,96.91270833184505
1.625794983277592,7.327471962526033e-15,1.625794983277592,7.098117149361812e-13,,,1.625794983277592,1.6257478971758166,1.625794983277592,96.86993257241812
1.632246153846154,3.885780586188048e-15,1.632246153846154,3.797967323097982e-13,,,1.632246153846154,1.6322544142926378,1.632246153846154,97.7401384061108
1.6386973244147156,2.1094237467877974e-15,1.6386973244147156,2.0274565269420633e-13,,,1.6386973244147156,1.6384993125148593,1.6386973244147156,96.11423641311744
1.6451484949832775,1.1102230246251565e-15,1.6451484949832775,1.0798777930885716e-13,,,1.6451484949832775,1.6450386038167315,1.6451484949832775,97.2667445311873
1.6515996655518395,5.551115123125783e-16,1.6515996655518395,5.739182902711618e-14,,,1.6515996655518395,1.6520762656162713,1.6515996655518395,103.38792792825265
1.6580508361204014,3.3306690738754696e-16,1.6580508361204014,3.043734734688636e-14,,,1.6580508361204014,1.6572473073831901,1.6580508361204014,91.38508411305584
1.6645020066889633,1.1102230246251565e-16,1.6645020066889633,1.6109161794022217e-14,,,1.6645020066889633,1.6683260802783975,1.6645020066889633,145.09843010561897
1.670953177257525,1.1102230246251565e-16,1.670953177257525,8.50894840427215e-15,,,1.670953177257525,1.6683260802783975,1.670953177257525,76.64179372558966
1.677404347826087,0.0,1.677404347826087,4.485824988985901e-15,,,,,,
1.6838555183946489,0.0,1.6838555183946489,2.3604686998245618e-15,,,,,,
1.6903066889632108,0.0,1.6903066889632108,1.2398495165167625e-15,,,,,,
1.6967578595317725,0.0,1.6967578595317725,6.500985482970339e-16,,,,,,
1.7032090301003344,0.0,1.7032090301003344,3.4029294930248733e-16,,,,,,
1.7096602006688963,0.0,1.7096602006688963,1.7783354100011058e-16,,,,,,
1.7161113712374583,0.0,1.7161113712374583,9.278637626210941e-17,,,,,,
1.72256254180602,0.0,1.72256254180602,4.833779422468934e-17,,,,,,
1.729013712374582,0.0,1.729013712374582,2.5144512796356206e-17,,,,,,
1.7354648829431438,0.0,1.7354648829431438,1.3060943900089985e-17,,,,,,
1.7419160535117058,0.0,1.7419160535117058,6.774877979518753e-18,,,,,,
1.7483672240802675,0.0,1.7483672240802675,3.509490608418607e-18,,,,,,
1.7548183946488294,0.0,1.7548183946488294,1.8156076520226238e-18,,,,,,
1.7612695652173913,0.0,1.7612695652173913,9.381113103444143e-19,,,,,,
1.7677207357859532,0.0,1.7677207357859532,4.84127609402126e-19,,,,,,
1.774171906354515,0.0,1.774171906354515,2.49549466533242e-19,,,,,,
1.7806230769230769,0.0,1.7806230769230769,1.284879844938379e-19,,,,,,
1.7870742474916388,0.0,1.7870742474916388,6.608376677903737e-20,,,,,,
1.7935254180602007,0.0,1.7935254180602007,3.3952391524107686e-20,,,,,,
1.7999765886287626,0.0,1.7999765886287626,1.7426322759604354e-20,,,,,,
1.8064277591973243,0.0,1.8064277591973243,8.9354624888114e-21,,,,,,
1.8128789297658863,0.0,1.8128789297658863,4.577411186365312e-21,,,,,,
1.8193301003344482,0.0,1.8193301003344482,2.3427705545412803e-21,,,,,,
1.8257812709030101,0.0,1.8257812709030101,1.198012890646447e-21,,,,,,
1.8322324414715718,0.0,1.8322324414715718,6.121103685915913e-22,,,,,,
1.8386836120401338,0.0,1.8386836120401338,3.1249908565504686e-22,,,,,,
1.8451347826086957,0.0,1.8451347826086957,1.594162012547633e-22,,,,,,
1.8515859531772576,0.0,1.8515859531772576,8.126329767924734e-23,,,,,,
1.8580371237458193,0.0,1.8580371237458193,4.1395008750477726e-23,,,,,,
1.8644882943143812,0.0,1.8644882943143812,2.10720128786944e-23,,,,,,
1.8709394648829432,0.0,1.8709394648829432,1.0719665350501399e-23,,,,,,
1.877390635451505,0.0,1.877390635451505,5.449867562225927e-24,,,,,,
1.8838418060200668,0.0,1.8838418060200668,2.7690592786652073e-24,,,,,,
1.8902929765886287,0.0,1.8902929765886287,1.4061508919916822e-24,,,,,,
1.8967441471571906,0.0,1.8967441471571906,7.136684226014672e-25,,,,,,
1.9031953177257526,0.0,1.9031953177257526,3.620238316601523e-25,,,,,,
1.9096464882943143,0.0,1.9096464882943143,1.8355446324230336e-25,,,,,,
1.9160976588628762,0.0,1.9160976588628762,9.302305037986276e-26,,,,,,
1.9225488294314381,0.0,1.9225488294314381,4.712208799426774e-26,,,,,,
1.929,0.0,1.929,2.3860362557848427e-26,,,,,,
