Survival Function:normal reliability (survival) function x,Survival Function:normal reliability (survival) function y,Lognormal Distribution:lognormal distribution x,Lognormal Distribution:lognormal distribution y,Hazard Function:normal failure rate (hazard) function x,Hazard Function:normal failure rate (hazard) function y,Lognormal Probability Plot:lognormal probability plot scatter x,Lognormal Probability Plot:lognormal probability plot scatter y,Lognormal Probability Plot:lognormal probability plot x,Lognormal Probability Plot:lognormal probability plot y,RELA
Time (t),Reliability 1-F(t),Time (t),f(t),Time (t),Failure Rate (fr/time),Time (t),Unreliability F(t),Time (t),Unreliability F(t)
0.0001,0.9995788827671757,0.0001,0.0002619833880048355,0.0001,0.0002620937602038731,9.033,5.188889879745261,0.0001,9.999999997489795e-05
0.12352758620689656,0.9995453722294624,0.12352758620689656,0.0002812219797378972,0.12352758620689656,0.0002813498892107701,9.521,7.161492003200465,0.12352758620689656,0.12352758620693294
0.2469551724137931,0.9995094093055257,0.2469551724137931,0.0003017333631208921,0.2469551724137931,0.00030188146335764966,9.666,8.294728124227163,0.2469551724137931,0.2469551724137773
0.3703827586206897,0.9994708324163634,0.3703827586206897,0.00032359071075558363,0.3703827586206897,0.00032376203512938633,10.014,9.118458035496019,0.3703827586206897,0.37038275862073533
0.49381034482758623,0.9994294707432405,0.49381034482758623,0.00034687058586457386,0.49381034482758623,0.0003470685986542086,10.072000000000001,9.776981827638338,0.49381034482758623,0.4938103448275797
0.6172379310344828,0.9993851438030102,0.6172379310344828,0.000371653042349817,0.6172379310344828,0.0003718816961152205,10.242,10.331739282514832,0.6172379310344828,0.6172379310345377
0.7406655172413794,0.9993376610111426,0.7406655172413794,0.0003980217238378168,0.7406655172413794,0.00039828552386897274,10.273,10.814893556386437,0.7406655172413794,0.7406655172413821
0.864093103448276,0.9992868212326094,0.864093103448276,0.00042606396136311614,0.864093103448276,0.0004263680379949081,10.559000000000001,11.245494723612182,0.864093103448276,0.8640931034482264
0.9875206896551725,0.9992324123208147,0.9875206896551725,0.00045587086932112955,0.9875206896551725,0.0004562210589849913,10.854000000000001,11.635803514204895,0.9875206896551725,0.9875206896551845
1.110948275862069,0.9991742106448095,1.110948275862069,0.00048753743930211066,1.110948275862069,0.00048794037526997625,10.964,11.994199218237668,1.110948275862069,1.1109482758620288
1.2343758620689655,0.9991119806050751,1.2343758620689655,0.0005211626313974067,1.2343758620689655,0.000521625845264896,10.967,12.32667525911711,1.2343758620689655,1.2343758620689869
1.357803448275862,0.9990454741382169,1.357803448275862,0.0005568494625489271,1.357803448275862,0.0005573814976032688,11.112,12.637674770534204,1.357803448275862,1.3578034482758312
1.4812310344827588,0.9989744302109556,1.4812310344827588,0.0005947050914948147,1.4812310344827588,0.0005953156292190878,11.17,12.93058826732613,1.4812310344827588,1.4812310344827893
1.6046586206896554,0.9988985743038713,1.6046586206896554,0.0006348408998422729,1.6046586206896554,0.0006355409009214885,11.222000000000001,13.208065576491322,1.6046586206896554,1.6046586206896336
1.728086206896552,0.9988176178854024,1.728086206896552,0.0006773725687824196,1.728086206896552,0.0006781744300991462,11.398,13.472219679759633,1.728086206896552,1.7280862068965916
1.8515137931034484,0.9987312578766715,1.8515137931034484,0.0007224201509416985,1.8515137931034484,0.0007233378801796815,11.514000000000001,13.724764637639964,1.8515137931034484,1.851513793103436
1.974941379310345,0.9986391761077696,1.974941379310345,0.0007701081368479798,1.974941379310345,0.0007711575464618789,11.689,13.967111703337196,1.974941379310345,1.974941379310394
2.098368965517242,0.9985410387661977,2.098368965517242,0.0008205655154710702,2.098368965517242,0.0008217644379293265,11.742,14.20043801767497,2.098368965517242,2.0983689655172384
2.2217965517241383,0.9984364958382271,2.2217965517241383,0.0008739258282840676,2.2217965517241383,0.0008752943546503398,11.831,14.425736798261141,2.2217965517241383,2.2217965517240827
2.345224137931035,0.9983251805440201,2.345224137931035,0.0009303272162734354,2.345224137931035,0.0009318879603602402,11.833,14.64385472209483,2.345224137931035,2.345224137931041
2.4686517241379313,0.9982067087674108,2.4686517241379313,0.000989912459314431,2.4686517241379313,0.0009916908498208536,11.919,14.855520248564403,2.4686517241379313,2.468651724137885
2.592079310344828,0.9980806784813281,2.592079310344828,0.0010528290073162987,2.592079310344828,0.0010548536105500763,11.947000000000001,15.06136540743023,2.592079310344828,2.592079310344843
2.7155068965517244,0.9979466691699149,2.7155068965517244,0.0011192290025272278,2.7155068965517244,0.0011215318785102962,11.97,15.261942790266176,2.7155068965517244,2.7155068965516875
2.838934482758621,0.9978042412484699,2.838934482758621,0.00118926929238377,2.838934482758621,0.0011918863873496225,11.975,15.457738966051124,2.838934482758621,2.8389344827586456
2.962362068965518,0.9976529354824203,2.962362068965518,0.0012631114322782361,2.962362068965518,0.0012660830107891698,12.065999999999999,15.649185193205199,2.962362068965518,2.96236206896549
3.085789655172414,0.997492272406606,3.085789655172414,0.0013409216776136012,3.085789655172414,0.0013442927977561352,12.297,15.836666061384904,3.085789655172414,3.085789655172448
3.209217241379311,0.9973217517462416,3.209217241379311,0.0014228709645088726,3.209217241379311,0.0014266919998661652,12.468,16.020526529531367,3.209217241379311,3.2092172413792923
3.3326448275862073,0.9971408518409879,3.3326448275862073,0.0015091348785203345,3.3326448275862073,0.0015134620908711835,12.55,16.201077708366142,3.3326448275862073,3.3326448275862504
3.456072413793104,0.9969490290736616,3.456072413793104,0.0015998936107379114,3.456072413793104,0.0016047897776925366,12.582,16.378601650400583,3.456072413793104,3.4560724137930947
3.5795000000000003,0.9967457173051721,3.5795000000000003,0.0016953319006248822,3.5795000000000003,0.0017008670026779007,13.044,16.55335534844994,3.5795000000000003,3.5795000000000528
3.702927586206897,0.9965303273173665,3.702927586206897,0.001795638964969849,3.702927586206897,0.0018018909367301065,13.644,16.72557409782496,3.702927586206897,3.702927586206897
3.8263551724137934,0.9963022462655305,3.8263551724137934,0.00190100841232946,3.8263551724137934,0.0019080639629741542,13.764000000000001,16.895474343161823,3.8263551724137934,3.8263551724137415
3.94978275862069,0.9960608371423783,3.94978275862069,0.002011638142351011,3.94978275862069,0.0020195936506471287,20.748,17.0632561050503,3.94978275862069,3.9497827586206995
4.0732103448275865,0.9958054382554323,4.0732103448275865,0.0021277302293753707,4.0732103448275865,0.0021366927189140237,20.989,17.22910506195865,4.0732103448275865,4.073210344827544
4.196637931034483,0.9955353627197694,4.196637931034483,0.0022494907897403537,4.196637931034483,0.0022595789903382436,21.178,17.393194347855683,4.196637931034483,4.196637931034502
4.320065517241379,0.9952498979681806,4.320065517241379,0.002377129832220505,4.320065517241379,0.0023884753337563313,21.249000000000002,17.55568611421961,4.320065517241379,4.320065517241346
4.443493103448276,0.9949483052808583,4.443493103448276,0.002510861091064811,4.443493103448276,0.002523609596335796,21.587,17.71673289599505,4.443493103448276,4.443493103448304
4.566920689655173,0.9946298193367953,4.566920689655173,0.0026509018411154123,4.566920689655173,0.0026652145246188128,21.592,17.876478813872836,4.566920689655173,4.566920689655149
4.690348275862069,0.994293647789128,4.690348275862069,0.002797472694527261,4.690348275862069,0.0028135276743923793,21.675,18.035060639591734,4.690348275862069,4.690348275862107
4.813775862068965,0.9939389708667359,4.813775862068965,0.002950797378629993,4.813775862068965,0.0029687913092459137,21.706999999999997,18.19260874644499,4.813775862068965,4.813775862068951
4.937203448275862,0.9935649410044389,4.937203448275862,0.0031111024945205124,4.937203448275862,0.0031312522877219888,21.74,18.34924796357575,4.937203448275862,4.937203448275909
5.060631034482759,0.9931706825042041,5.060631034482759,0.003278617256006111,5.060631034482759,0.003301161938992528,21.828000000000003,18.505098349748437,5.060631034482759,5.060631034482753
5.1840586206896555,0.9927552912297988,5.1840586206896555,0.0034535732085658,5.1840586206896555,0.003478775927033948,21.851,18.66027589997873,5.1840586206896555,5.1840586206897115
5.307486206896552,0.9923178343373881,5.307486206896552,0.0036362039280384037,5.307486206896552,0.0036643541033064757,22.058000000000003,18.81489319653474,5.307486206896552,5.307486206896556
5.430913793103448,0.991857350044576,5.430913793103448,0.003826744698805648,5.430913793103448,0.0038581603479912376,22.256999999999998,18.969060014343768,5.430913793103448,5.4309137931034
5.554341379310345,0.9913728474404502,5.554341379310345,0.00402543217127912,5.554341379310345,0.0040604623998650715,22.31,19.12288388965237,5.554341379310345,5.554341379310358
5.677768965517242,0.9908633063391874,5.677768965517242,0.004232503998565867,5.677768965517242,0.004271531674942272,22.31,19.276470659862298,5.677768965517242,5.677768965517203
5.801196551724138,0.9903276771797841,5.801196551724138,0.004448198452249101,5.801196551724138,0.004491643074054543,22.426,19.42992498175363,5.801196551724138,5.801196551724161
5.924624137931035,0.9897648809745104,5.924624137931035,0.004672754017272039,5.924624137931035,0.004721074779569167,22.513,19.583350834782436,5.924624137931035,5.924624137931005
6.048051724137931,0.9891738093086468,6.048051724137931,0.004906408965995129,6.048051724137931,0.004960108041502145,22.65,19.736852015782233,6.048051724137931,6.048051724137963
6.171479310344828,0.9885533243940754,6.171479310344828,0.005149400911554935,6.171479310344828,0.0052090269533120155,22.659000000000002,19.89053263119422,6.171479310344828,6.171479310344807
6.2949068965517245,0.9879022591792623,6.2949068965517245,0.005401966340733139,6.2949068965517245,0.005468118217708126,22.695999999999998,20.044497592889684,6.2949068965517245,6.294906896551765
6.418334482758621,0.9872194175181572,6.418334482758621,0.005664340126611554,6.418334482758621,0.005737670902838957,22.825,20.198853123731055,6.418334482758621,6.41833448275861
6.541762068965517,0.9865035744004588,6.541762068965517,0.005936755021381809,6.541762068965517,0.00601797618928024,22.921,20.353707279240325,6.541762068965517,6.541762068965568
6.665189655172414,0.9857534762456992,6.665189655172414,0.0062194411297384275,6.665189655172414,0.006309327108259906,22.975,20.50917049212967,6.665189655172414,6.665189655172412
6.788617241379311,0.9849678412634895,6.788617241379311,0.0065126253633873065,6.788617241379311,0.00661201827161493,23.045,20.665356146994895,6.788617241379311,6.7886172413792565
6.912044827586207,0.9841453598822265,6.912044827586207,0.006816530877274478,6.912044827586207,0.006926345593998653,23.119,20.822381193208116,6.912044827586207,6.9120448275862145
7.035472413793104,0.9832846952484908,7.035472413793104,0.007131376488225145,7.035472413793104,0.007252606007889647,23.236,20.9803668050115,7.035472413793104,7.035472413793059
7.1589,0.9823844837992247,7.1589,0.007457376076786719,7.1589,0.007591097172001776,23.36,21.13943909902639,7.1589,7.158900000000017
7.282327586206897,0.9814433359087539,7.282327586206897,0.007794737973133909,7.282327586206897,0.007942117173699569,23.405,21.299729920924506,7.282327586206897,7.282327586206861
7.4057551724137936,0.9804598366125246,7.4057551724137936,0.00814366432800925,7.4057551724137936,0.008305964226077328,23.478,21.46137771492056,7.4057551724137936,7.405755172413819
7.52918275862069,0.9794325464093611,7.52918275862069,0.008504350469745138,7.52918275862069,0.008682936360367467,23.529,21.62452849212127,7.52918275862069,7.529182758620664
7.652610344827586,0.9783600021438786,7.652610344827586,0.008876984248515019,7.652610344827586,0.009073331114378039,23.551,21.789336916733987,7.652610344827586,7.652610344827622
7.776037931034483,0.9772407179705739,7.776037931034483,0.009261745369040179,7.776037931034483,0.00947744521766751,23.587,21.95596753283064,7.776037931034483,7.776037931034466
7.89946551724138,0.9760731864008975,7.89946551724138,0.009658804713089648,7.89946551724138,0.009895574274204616,23.611,22.12459615900309,7.89946551724138,7.899465517241424
8.022893103448276,0.9748558794345333,8.022893103448276,0.01006832365316941,8.022893103448276,0.010328012443243976,23.648000000000003,22.295411484062925,8.022893103448276,8.022893103448268
8.146320689655173,0.9735872497758364,8.146320689655173,0.010490453358915464,8.146320689655173,0.010775052119192026,23.71,22.468616904312398,8.146320689655173,8.146320689655226
8.269748275862069,0.9722657321362584,8.269748275862069,0.010925334097769279,8.269748275862069,0.011236983611223423,23.719,22.644432652279534,8.269748275862069,8.26974827586207
8.393175862068967,0.9708897446233492,8.393175862068967,0.011373094531610584,8.393175862068967,0.011714094823426842,23.788,22.82309827882284,8.393175862068967,8.393175862068915
8.516603448275863,0.9694576902167452,8.516603448275863,0.011833851011092241,8.516603448275863,0.012206670936249425,23.933000000000003,23.004875566006717,8.516603448275863,8.516603448275873
8.640031034482758,0.967967958331294,8.640031034482758,0.0123077068695137,8.640031034482758,0.012714994090022656,24.114,23.190051968316425,8.640031034482758,8.640031034482718
8.763458620689656,0.9664189264672628,8.763458620689656,0.012794751718133525,8.763458620689656,0.013239343071337235,24.13,23.378944706265884,8.763458620689656,8.763458620689676
8.886886206896552,0.9648089619473561,8.886886206896552,0.013295060744887604,8.886886206896552,0.013779993003022122,24.134,23.57190567156158,8.886886206896552,8.88688620689652
9.01031379310345,0.9631364237399404,9.01031379310345,0.013808694018570211,9.01031379310345,0.014337215038498784,24.193,23.76932735002015,9.01031379310345,9.010313793103478
9.133741379310345,0.9613996643677438,9.133741379310345,0.014335695800556792,9.133741379310345,0.014911276061225316,24.249000000000002,23.9716500321656,9.133741379310345,9.133741379310322
9.257168965517241,0.9595970319009087,9.257168965517241,0.014876093866243568,9.257168965517241,0.015502438389971724,24.275,24.179370668842466,9.257168965517241,9.25716896551728
9.380596551724139,0.9577268720330939,9.380596551724139,0.015429898838399972,9.380596551724139,0.01611095949061644,24.337,24.393053850671663,9.380596551724139,9.380596551724125
9.504024137931035,0.9557875302389985,9.504024137931035,0.01599710353469205,9.504024137931035,0.016737091695151023,24.517,24.61334556152633,9.504024137931035,9.504024137931083
9.62745172413793,0.9537773540114541,9.62745172413793,0.016577682331652858,9.62745172413793,0.017381081928533368,24.684,24.84099060170786,9.62745172413793,9.627451724137927
9.750879310344828,0.9516946951758448,9.750879310344828,0.017171590547439594,9.750879310344828,0.01804317144403836,24.745,25.076854934501853,9.750879310344828,9.750879310344772
9.874306896551724,0.9495379122794652,9.874306896551724,0.017778763845697036,9.874306896551724,0.018723595567676967,24.866,25.321954741912464,9.874306896551724,9.87430689655173
9.997734482758622,0.9473053730530367,9.997734482758622,0.018399117662894707,9.997734482758622,0.019422583452257686,24.883000000000003,25.577494783469547,9.997734482758622,9.997734482758574
10.121162068965518,0.9449954569412953,10.121162068965518,0.019032546661514188,10.121162068965518,0.020140357841631953,24.941999999999997,25.844919908772567,10.121162068965518,10.121162068965532
10.244589655172414,0.9426065576994151,10.244589655172414,0.01967892421142328,10.244589655172414,0.020877134845584885,24.945999999999998,26.125985582129715,10.244589655172414,10.244589655172376
10.368017241379311,0.9401370860515192,10.368017241379311,0.02033810190182702,10.368017241379311,0.021633123725865334,24.98,26.422856583789212,10.368017241379311,10.368017241379334
10.491444827586207,0.9375854724074784,10.491444827586207,0.02100990908609973,10.491444827586207,0.02240852669373352,25.033,26.738248688616636,10.491444827586207,10.491444827586179
10.614872413793105,0.934950169633705,10.614872413793105,0.0216941524618332,10.614872413793105,0.023203538719429873,25.054000000000002,27.075638124250645,10.614872413793105,10.614872413793137
10.7383,0.9322296558735085,10.7383,0.022390615688361305,10.7383,0.024018347353883602,25.081999999999997,27.439582205772695,10.7383,10.738299999999981
10.861727586206896,0.9294224374122114,10.861727586206896,0.023099059043997682,10.861727586206896,0.024853132562962794,25.147,27.83623108561278,10.861727586206896,10.86172758620694
10.985155172413794,0.9265270515820515,10.985155172413794,0.023819219125145966,10.985155172413794,0.025708066574499342,25.162,28.27418732717149,10.985155172413794,10.985155172413783
11.10858275862069,0.9235420697014626,11.10858275862069,0.024550808589416377,11.10858275862069,0.026583313738325415,25.436,28.766045148861053,11.10858275862069,11.108582758620742
11.232010344827588,0.9204661000433085,11.232010344827588,0.025293515944752158,11.232010344827588,0.027479030399448802,25.684,29.331384839744373,11.232010344827588,11.232010344827586
11.355437931034484,0.9172977908261637,11.355437931034484,0.026047005386541436,11.355437931034484,0.02839536478451803,25.831,30.003288715151825,11.355437931034484,11.35543793103443
11.47886551724138,0.9140358332226424,11.47886551724138,0.026810916684562612,11.47886551724138,0.029332456901645303,25.976999999999997,30.845008734066823,11.47886551724138,11.478865517241388
11.602293103448277,0.9106789643785439,11.602293103448277,0.027584865121512113,11.602293103448277,0.030290438453617178,26.199,32.005276963061874,11.602293103448277,11.602293103448233
11.725720689655173,0.9072259704362856,11.725720689655173,0.02836844148477041,11.725720689655173,0.031269432764505195,26.249000000000002,34.031263784237126,11.725720689655173,11.72572068965519
11.84914827586207,0.9036756895560067,11.84914827586207,0.02916121211291791,11.84914827586207,0.032269554719620015,,,11.84914827586207,11.849148275862035
11.972575862068966,0.9000270149274574,11.972575862068966,0.02996271899840157,11.972575862068966,0.033290910718737236,,,11.972575862068966,11.972575862068993
12.096003448275862,0.8962788977657368,12.096003448275862,0.03077247994759018,12.096003448275862,0.03433359864245435,,,12.096003448275862,12.096003448275837
12.21943103448276,0.8924303502835946,12.21943103448276,0.031589988799354915,12.21943103448276,0.03539770783155942,,,12.21943103448276,12.219431034482795
12.342858620689656,0.888480448633176,12.342858620689656,0.03241471570309245,12.342858620689656,0.0364833190791747,,,12.342858620689656,12.34285862068964
12.466286206896552,0.8844283358096854,12.466286206896552,0.033246107457011426,12.466286206896552,0.037590504635488575,,,12.466286206896552,12.466286206896598
12.58971379310345,0.8802732245095701,12.58971379310345,0.03408358790728787,12.58971379310345,0.038719328224798594,,,12.58971379310345,12.589713793103442
12.713141379310345,0.8760143999356298,12.713141379310345,0.034926558408547706,12.713141379310345,0.03986984507459482,,,12.713141379310345,12.7131413793104
12.836568965517243,0.871651222541552,12.836568965517243,0.03577439834592483,12.836568965517243,0.04104210195634694,,,12.836568965517243,12.836568965517245
12.959996551724139,0.8671831307081127,12.959996551724139,0.03662646571880476,12.959996551724139,0.04223613723769836,,,12.959996551724139,12.959996551724089
13.083424137931035,0.8626096433435992,13.083424137931035,0.03748209778611021,13.083424137931035,0.04345198094566182,,,13.083424137931035,13.083424137931047
13.206851724137932,0.8579303624008054,13.206851724137932,0.03834061177283555,13.206851724137932,0.0446896548404516,,,13.206851724137932,13.206851724137891
13.330279310344828,0.853144975302982,13.330279310344828,0.03920130563734172,13.330279310344828,0.04594917249957424,,,13.330279310344828,13.33027931034485
13.453706896551726,0.8482532572714947,13.453706896551726,0.04006345889866561,13.453706896551726,0.047230539411701626,,,13.453706896551726,13.453706896551694
13.577134482758622,0.8432550735475774,13.577134482758622,0.04092633352298245,13.577134482758622,0.04853375307996097,,,13.577134482758622,13.577134482758652
13.700562068965517,0.8381503815011917,13.700562068965517,0.041789174868063404,13.700562068965517,0.049858803134129444,,,13.700562068965517,13.700562068965496
13.823989655172415,0.8329392326197284,13.823989655172415,0.04265121268444361,13.823989655172415,0.051205671451323834,,,13.823989655172415,13.823989655172454
13.947417241379311,0.8276217743697513,13.947417241379311,0.04351166217176032,13.947417241379311,0.05257433228469034,,,13.947417241379311,13.947417241379299
14.070844827586209,0.8221982519250035,14.070844827586209,0.044369725088548355,14.070844827586209,0.05396475239963843,,,14.070844827586209,14.070844827586257
14.194272413793104,0.8166690097543159,14.194272413793104,0.04522459091355062,14.194272413793104,0.05537689121711113,,,14.194272413793104,14.194272413793101
14.3177,0.8110344930629851,14.3177,0.04607543805645201,14.3177,0.05681070096345925,,,14.3177,14.317699999999945
14.441127586206898,0.8052952490818779,14.441127586206898,0.04692143511568876,14.441127586206898,0.05826612682638347,,,14.441127586206898,14.441127586206903
14.564555172413794,0.7994519281985102,14.564555172413794,0.04776174218084345,14.564555172413794,0.05974310711648422,,,14.564555172413794,14.564555172413748
14.68798275862069,0.7935052849246624,14.68798275862069,0.04859551217695289,14.68798275862069,0.061241573433964816,,,14.68798275862069,14.687982758620706
14.811410344827587,0.7874561786957537,14.811410344827587,0.049421892247831736,14.811410344827587,0.0627614508399542,,,14.811410344827587,14.81141034482755
14.934837931034483,0.7813055744971409,14.934837931034483,0.050240025175409424,14.934837931034483,0.06430265803203132,,,14.934837931034483,14.934837931034508
15.05826551724138,0.7750545433132092,15.05826551724138,0.051049050831866345,15.05826551724138,0.06586510752345437,,,15.05826551724138,15.058265517241352
15.181693103448277,0.7687042623953378,15.181693103448277,0.05184810766123285,15.181693103448277,0.06744870582565837,,,15.181693103448277,15.18169310344831
15.305120689655173,0.7622560153454478,15.305120689655173,0.05263633418694203,15.305120689655173,0.06905335363353965,,,15.305120689655173,15.305120689655155
15.42854827586207,0.7557111920119146,15.42854827586207,0.053412870541742354,15.42854827586207,0.07067894601314868,,,15.42854827586207,15.428548275862113
15.551975862068966,0.7490712881956064,15.551975862068966,0.05417686001618619,15.551975862068966,0.07232537259129185,,,15.551975862068966,15.551975862068957
15.675403448275864,0.7423379051637538,15.675403448275864,0.05492745062186844,15.675403448275864,0.07399251774668826,,,15.675403448275864,15.675403448275915
15.79883103448276,0.7355127489702054,15.79883103448276,0.05566379666544127,15.79883103448276,0.07568026080224496,,,15.79883103448276,15.79883103448276
15.922258620689655,0.7285976295809142,15.922258620689655,0.0563850603293743,15.922258620689655,0.0773884762180831,,,15.922258620689655,15.922258620689604
16.04568620689655,0.7215944598041701,16.04568620689655,0.057090413255334475,16.04568620689655,0.07911703378491564,,,16.04568620689655,16.045686206896562
16.16911379310345,0.7145052540253973,16.16911379310345,0.057779038126027124,16.16911379310345,0.08086579881744767,,,16.16911379310345,16.169113793103406
16.292541379310347,0.7073321267470122,16.292541379310347,0.0584501302412739,16.292541379310347,0.08263463234744242,,,16.292541379310347,16.292541379310364
16.41596896551724,0.7000772909344222,16.41596896551724,0.059102899084071375,16.41596896551724,0.08442339131609923,,,16.41596896551724,16.41596896551721
16.53939655172414,0.6927430561693968,16.53939655172414,0.05973656987239178,16.53939655172414,0.08623192876549653,,,16.53939655172414,16.539396551724167
16.662824137931036,0.6853318266132082,16.662824137931036,0.060350385092427225,16.662824137931036,0.08806009402871078,,,16.662824137931036,16.66282413793101
16.786251724137934,0.6778460987816832,16.786251724137934,0.0609436060090649,16.786251724137934,0.08990773291843236,,,16.786251724137934,16.78625172413797
16.909679310344828,0.6702884591356189,16.909679310344828,0.061515514149339874,16.909679310344828,0.09177468791372029,,,16.909679310344828,16.909679310344814
17.033106896551725,0.6626615814898735,17.033106896551725,0.06206541275471315,17.033106896551725,0.09366079834471527,,,17.033106896551725,17.03310689655177
17.156534482758623,0.6549682242453904,17.156534482758623,0.06259262819804828,17.156534482758623,0.09556590057504429,,,17.156534482758623,17.156534482758616
17.279962068965517,0.6472112274486718,17.279962068965517,0.06309651136125019,17.279962068965517,0.09748982818171857,,,17.279962068965517,17.27996206896546
17.403389655172415,0.6393935096839166,17.403389655172415,0.06357643896960852,17.403389655172415,0.09943241213229932,,,17.403389655172415,17.40338965517242
17.526817241379312,0.6315180648032702,17.526817241379312,0.06403181487900704,17.526817241379312,0.10139348095917756,,,17.526817241379312,17.526817241379263
17.650244827586206,0.6235879585012905,17.650244827586206,0.06446207131226714,17.650244827586206,0.10337286093078678,,,17.650244827586206,17.65024482758622
17.773672413793104,0.6156063247402477,17.773672413793104,0.06486667004102177,17.773672413793104,0.10537037621956202,,,17.773672413793104,17.773672413793065
17.897100000000002,0.6075763620329081,17.897100000000002,0.06524510350968735,17.897100000000002,0.10738584906657953,,,17.897100000000002,17.897100000000023
18.0205275862069,0.5995013295905129,18.0205275862069,0.06559689589822096,18.0205275862069,0.10941909994265844,,,18.0205275862069,18.020527586206867
18.143955172413794,0.5913845433434066,18.143955172413794,0.06592160412056064,18.143955172413794,0.1114699477058891,,,18.143955172413794,18.143955172413825
18.26738275862069,0.5832293718426018,18.26738275862069,0.0662188187558012,18.26738275862069,0.11353820975544404,,,18.26738275862069,18.26738275862067
18.39081034482759,0.5750392320506545,18.39081034482759,0.06648816490936892,18.39081034482759,0.11562370218161402,,,18.39081034482759,18.390810344827628
18.514237931034483,0.566817585030815,18.514237931034483,0.06672930300165042,18.514237931034483,0.11772623991195101,,,18.514237931034483,18.514237931034472
18.63766551724138,0.5585679315432539,18.63766551724138,0.06694192948176221,18.63766551724138,0.11984563685353358,,,18.63766551724138,18.63766551724143
18.761093103448278,0.5502938075581033,18.761093103448278,0.06712577746434775,18.761093103448278,0.1219817060312099,,,18.761093103448278,18.761093103448275
18.884520689655172,0.5419987796946355,18.884520689655172,0.06728061728754221,18.884520689655172,0.12413425972185474,,,18.884520689655172,18.88452068965512
19.00794827586207,0.5336864405965324,19.00794827586207,0.06740625699046869,19.00794827586207,0.1263031095845808,,,19.00794827586207,19.007948275862077
19.131375862068968,0.5253604042533224,19.131375862068968,0.0675025427088779,19.131375862068968,0.12848806678686997,,,19.131375862068968,19.13137586206892
19.25480344827586,0.5170243012780238,19.25480344827586,0.0675693589877955,19.25480344827586,0.13068894212665036,,,19.25480344827586,19.25480344827588
19.37823103448276,0.5086817741514098,19.37823103448276,0.06760662901029023,19.37823103448276,0.13290554615028732,,,19.37823103448276,19.378231034482724
19.501658620689657,0.5003364724431969,19.501658620689657,0.06761431474173682,19.501658620689657,0.13513768926652267,,,19.501658620689657,19.501658620689682
19.625086206896555,0.4919920480207741,19.625086206896555,0.0675924169892022,19.625086206896555,0.1373851818563298,,,19.625086206896555,19.62508620689664
19.74851379310345,0.48365215025570507,19.74851379310345,0.06754097537584888,19.74851379310345,0.13964783437877867,,,19.74851379310345,19.748513793103484
19.871941379310346,0.4753204212387101,19.871941379310346,0.06746006823050478,19.871941379310346,0.14192545747287752,,,19.871941379310346,19.871941379310215
19.995368965517244,0.46700049101347885,19.995368965517244,0.06734981239281077,19.995368965517244,0.14421786205545312,,,19.995368965517244,19.995368965517287
20.118796551724138,0.4586959728397635,20.118796551724138,0.06721036293461578,20.118796551724138,0.14652485941509327,,,20.118796551724138,20.118796551724017
20.242224137931036,0.45041045849582306,20.242224137931036,0.0670419127985372,20.242224137931036,0.14884626130225376,,,20.242224137931036,20.24222413793109
20.365651724137933,0.4421475136307581,20.365651724137933,0.06684469235486788,20.365651724137933,0.15118188001547955,,,20.365651724137933,20.365651724137933
20.489079310344827,0.43391067317627807,20.489079310344827,0.06661896887823987,20.489079310344827,0.15353152848391824,,,20.489079310344827,20.489079310344664
20.612506896551725,0.4257034368280803,20.612506896551725,0.06636504594571029,20.612506896551725,0.15589502034608121,,,20.612506896551725,20.612506896551736
20.735934482758623,0.41752926460627426,20.735934482758623,0.06608326275816186,20.735934482758623,0.15827217002496263,,,20.735934482758623,20.73593448275858
20.85936206896552,0.409391572504041,20.85936206896552,0.06577399338712728,20.85936206896552,0.1606627927996198,,,20.85936206896552,20.859362068965538
20.982789655172414,0.4012937282339595,20.982789655172414,0.0654376459493876,20.982789655172414,0.16306670487318606,,,20.982789655172414,20.982789655172382
21.106217241379312,0.39323904708030355,21.106217241379312,0.06507466171186843,21.106217241379312,0.16548372343751383,,,21.106217241379312,21.106217241379454
21.22964482758621,0.38523078786621356,21.22964482758621,0.06468551412959567,21.22964482758621,0.16791366673439465,,,21.22964482758621,21.229644827586185
21.353072413793104,0.3772721490433615,21.353072413793104,0.06427070781961546,21.353072413793104,0.17035635411356206,,,21.353072413793104,21.353072413793257
21.4765,0.3693662649122853,21.4765,0.06383077747400552,21.4765,0.17281160608742555,,,21.4765,21.4765000000001
21.5999275862069,0.36151620198026535,21.5999275862069,0.06336628671522114,21.5999275862069,0.17527924438274614,,,21.5999275862069,21.59992758620683
21.723355172413793,0.3537249554640083,21.723355172413793,0.06287782689721216,21.723355172413793,0.17775909198922782,,,21.723355172413793,21.723355172413903
21.84678275862069,0.34599544594347065,21.84678275862069,0.062366015855860095,21.84678275862069,0.18025097320514896,,,21.84678275862069,21.846782758620748
21.97021034482759,0.3383305161727259,21.97021034482759,0.061831496612407166,21.97021034482759,0.1827547136801597,,,21.97021034482759,21.97021034482748
22.093637931034483,0.3307329280536959,22.093637931034483,0.06127493603368256,22.093637931034483,0.18527014045524462,,,22.093637931034483,22.09363793103455
22.21706551724138,0.32320535977771436,22.21706551724138,0.06069702345300777,22.21706551724138,0.18779708199997786,,,22.21706551724138,22.217065517241394
22.340493103448278,0.3157504031394074,22.340493103448278,0.06009846925573843,22.340493103448278,0.190335368247192,,,22.340493103448278,22.340493103448125
22.463920689655176,0.30837056102725613,22.463920689655176,0.05948000343349849,22.463920689655176,0.19288483062506476,,,22.463920689655176,22.463920689655197
22.58734827586207,0.3010682450943274,22.58734827586207,0.05884237411118677,22.58734827586207,0.19544530208674424,,,22.58734827586207,22.58734827586204
22.710775862068967,0.2938457736121478,22.710775862068967,0.0581863460508717,22.710775862068967,0.19801661713764473,,,22.710775862068967,22.710775862069
22.834203448275865,0.2867053695106495,22.834203448275865,0.05751269913675219,22.834203448275865,0.20059861186037506,,,22.834203448275865,22.834203448275844
22.95763103448276,0.27964915860585904,22.95763103448276,0.056822226845309055,22.95763103448276,0.2031911239375299,,,22.95763103448276,22.9576310344828
23.081058620689657,0.2726791680173185,23.081058620689657,0.056115734704835725,23.081058620689657,0.20579399267226633,,,23.081058620689657,23.081058620689646
23.204486206896554,0.26579732477588247,23.204486206896554,0.05539403874844454,23.204486206896554,0.20840705900690393,,,23.204486206896554,23.204486206896718
23.32791379310345,0.25900545462284863,23.32791379310345,0.05465796396468517,23.32791379310345,0.211030165539469,,,23.32791379310345,23.32791379310345
23.451341379310346,0.2523052810000781,23.451341379310346,0.053908342749786224,23.451341379310346,0.2136631565384061,,,23.451341379310346,23.451341379310293
23.574768965517244,0.24569842423096877,23.574768965517244,0.0531460133655427,23.574768965517244,0.21630587795541903,,,23.574768965517244,23.574768965517364
23.69819655172414,0.2391864008912168,23.69819655172414,0.05237181840675003,23.69819655172414,0.21895817743655502,,,23.69819655172414,23.698196551724095
23.821624137931035,0.23277062336784604,23.821624137931035,0.05158660328200132,23.821624137931035,0.2216199043316532,,,23.821624137931035,23.82162413793094
23.945051724137933,0.22645239960483776,23.945051724137933,0.05079121471160162,23.945051724137933,0.22429090970214013,,,23.945051724137933,23.94505172413801
24.06847931034483,0.22023293303291513,24.06847931034483,0.04998649924620745,24.06847931034483,0.22697104632728415,,,24.06847931034483,24.068479310344742
24.191906896551725,0.2141133226806069,24.191906896551725,0.04917330180967717,24.191906896551725,0.2296601687090207,,,24.191906896551725,24.191906896551586
24.315334482758622,0.20809456346359712,24.315334482758622,0.04835246426952663,24.315334482758622,0.23235813307532724,,,24.315334482758622,24.315334482758658
24.43876206896552,0.2021775466486483,24.43876206896552,0.047524824038206064,24.43876206896552,0.23506479738225572,,,24.43876206896552,24.43876206896539
24.562189655172414,0.19636306048799612,24.562189655172414,0.04669121270826271,24.562189655172414,0.237780021314737,,,24.562189655172414,24.56218965517246
24.685617241379312,0.1906517910201211,24.685617241379312,0.04585245472434844,24.685617241379312,0.24050366628608932,,,24.685617241379312,24.685617241379305
24.80904482758621,0.18504432303184637,24.80904482758621,0.04500936609478603,24.80904482758621,0.24323559543645043,,,24.80904482758621,24.809044827586263
24.932472413793104,0.1795411411770531,24.932472413793104,0.04416275314532961,24.932472413793104,0.24597567363002806,,,24.932472413793104,24.932472413793107
25.0559,0.1741426312463351,25.0559,0.043313411317485125,25.0559,0.24872376745138144,,,25.0559,25.05589999999995
25.1793275862069,0.1688490815822099,25.1793275862069,0.04246212401365973,25.1793275862069,0.2514797452006608,,,25.1793275862069,25.17932758620691
25.302755172413796,0.16366068463386974,25.302755172413796,0.04160966149117121,25.302755172413796,0.25424347688791255,,,25.302755172413796,25.302755172413754
25.42618275862069,0.15857753864523982,25.42618275862069,0.040756779806959346,25.42618275862069,0.25701483422654187,,,25.42618275862069,25.426182758620826
25.549610344827588,0.15359964947020877,25.549610344827588,0.03990421981470564,25.549610344827588,0.259793690625871,,,25.549610344827588,25.549610344827556
25.673037931034486,0.1487269325081868,25.673037931034486,0.03905270621578649,25.673037931034486,0.2625799211829828,,,25.673037931034486,25.673037931034628
25.79646551724138,0.14395921475355644,25.79646551724138,0.03820294666539127,25.79646551724138,0.26537340267374226,,,25.79646551724138,25.796465517241472
25.919893103448278,0.1392962369518591,25.919893103448278,0.03735563093484412,25.919893103448278,0.2681740135431961,,,25.919893103448278,25.919893103448203
26.043320689655175,0.13473765585594655,26.043320689655175,0.036511430131062346,26.043320689655175,0.27098163389526525,,,26.043320689655175,26.043320689655275
26.16674827586207,0.13028304657490697,26.16674827586207,0.035670995973838264,26.16674827586207,0.27379614548182235,,,26.16674827586207,26.16674827586212
26.290175862068967,0.1259319050085259,26.290175862068967,0.03483496013144403,26.290175862068967,0.2766174316912431,,,26.290175862068967,26.29017586206885
26.413603448275865,0.12168365036020778,26.413603448275865,0.03400393361491261,26.413603448275865,0.2794453775363757,,,26.413603448275865,26.41360344827592
26.53703103448276,0.11753762772102938,26.53703103448276,0.03317850623112301,26.53703103448276,0.2822798696420078,,,26.53703103448276,26.537031034482652
26.660458620689656,0.11349311071760038,26.660458620689656,0.03235924609463979,26.660458620689656,0.28512079623192105,,,26.660458620689656,26.660458620689496
26.783886206896554,0.10954930421663,26.783886206896554,0.03154669919812131,26.783886206896554,0.2879680471154686,,,26.783886206896554,26.783886206896568
26.90731379310345,0.10570534707891865,26.90731379310345,0.03074138904090066,26.90731379310345,0.29082151367375403,,,26.90731379310345,26.9073137931033
27.030741379310346,0.10196031495556035,27.030741379310346,0.029943816315179245,27.030741379310346,0.2936810888455016,,,27.030741379310346,27.03074137931037
27.154168965517243,0.09831322311946189,27.154168965517243,0.029154458649164775,27.154168965517243,0.2965466671125078,,,27.154168965517243,27.154168965517215
27.27759655172414,0.09476302932498537,27.27759655172414,0.028373770406253183,27.27759655172414,0.2994181444848778,,,27.27759655172414,27.277596551724173
27.401024137931035,0.09130863668907607,27.401024137931035,0.027602182539300576,27.401024137931035,0.3022954184858926,,,27.401024137931035,27.401024137931017
27.524451724137933,0.0879488965869315,27.524451724137933,0.026840102498802244,27.524451724137933,0.30517838813671333,,,27.524451724137933,27.52445172413809
27.64787931034483,0.08468261155584211,27.64787931034483,0.026087914193757677,27.64787931034483,0.3080669539407694,,,27.64787931034483,27.64787931034482
27.771306896551724,0.08150853820058357,27.771306896551724,0.025345978003789217,27.771306896551724,0.31096101786803665,,,27.771306896551724,27.77130689655189
27.894734482758622,0.0784253900943217,27.894734482758622,0.024614630841056816,27.894734482758622,0.31386048333904315,,,27.894734482758622,27.894734482758736
28.01816206896552,0.07543184066879849,28.01816206896552,0.023894186260321575,28.01816206896552,0.3167652552088011,,,28.01816206896552,28.018162068965466
28.141589655172417,0.07252652608810561,28.141589655172417,0.023184934615489344,28.141589655172417,0.31967523975054535,,,28.141589655172417,28.141589655172538
28.26501724137931,0.06970804810035636,28.26501724137931,0.02248714326083121,28.26501724137931,0.3225903446393624,,,28.26501724137931,28.265017241379383
28.38844482758621,0.06697497686181542,28.38844482758621,0.021801056795001092,28.38844482758621,0.3255104789357617,,,28.38844482758621,28.388444827586113
28.511872413793107,0.06432585372841393,28.511872413793107,0.021126897345934998,28.511872413793107,0.32843555306912087,,,28.511872413793107,28.511872413793185
28.6353,0.061759194009677776,28.6353,0.020464864894620377,28.6353,0.3313654788210723,,,28.6353,28.63530000000003
28.7587275862069,0.05927348968035917,28.7587275862069,0.019815137635672567,28.7587275862069,0.3343001693088858,,,28.7587275862069,28.75872758620676
28.882155172413796,0.05686721204544065,28.882155172413796,0.019177872372643987,28.882155172413796,0.33723953896877523,,,28.882155172413796,28.88215517241383
29.00558275862069,0.05453881435431185,29.00558275862069,0.018553204945923166,29.00558275862069,0.3401835035391881,,,29.00558275862069,29.005582758620676
29.129010344827588,0.05228673436018971,29.129010344827588,0.017941250691054046,29.129010344827588,0.34313198004414347,,,29.129010344827588,29.129010344827634
29.252437931034486,0.05010939682126503,29.252437931034486,0.017342104925326382,29.252437931034486,0.3460848867765033,,,29.252437931034486,29.25243793103448
29.37586551724138,0.04800521594009488,29.37586551724138,0.01675584346041478,29.37586551724138,0.3490421432813507,,,29.37586551724138,29.375865517241436
29.499293103448277,0.04597259773828832,29.499293103448277,0.016182523138910342,29.499293103448277,0.3520036703393142,,,29.499293103448277,29.49929310344828
29.622720689655175,0.04400994236355005,29.622720689655175,0.01562218239252497,29.622720689655175,0.35496938995002153,,,29.622720689655175,29.622720689655125
29.746148275862073,0.04211564632663889,29.746148275862073,0.01507484181982085,29.746148275862073,0.3579392253155509,,,29.746148275862073,29.746148275862083
29.869575862068967,0.04028810466592225,29.869575862068967,0.014540504781297876,29.869575862068967,0.36091310082395067,,,29.869575862068967,29.869575862068928
29.993003448275864,0.03852571303748675,29.993003448275864,0.014019158009699668,29.993003448275864,0.36389094203288536,,,29.993003448275864,29.993003448276
30.116431034482762,0.03682686972913696,30.116431034482762,0.013510772233463399,30.116431034482762,0.3668726756532838,,,30.116431034482762,30.11643103448273
30.239858620689656,0.035189977596691735,30.239858620689656,0.013015302811223903,30.239858620689656,0.3698582295331581,,,30.239858620689656,30.239858620689574
30.363286206896554,0.03361344592141757,30.363286206896554,0.01253269037537801,30.363286206896554,0.3728475326414696,,,30.363286206896554,30.363286206896646
30.48671379310345,0.03209569218757047,30.48671379310345,0.012062861482729928,30.48671379310345,0.3758405150520932,,,30.48671379310345,30.486713793103377
30.610141379310345,0.030635143779265794,30.610141379310345,0.011605729270294025,30.610141379310345,0.37883710792795144,,,30.610141379310345,30.61014137931022
30.733568965517243,0.029230239596208296,30.733568965517243,0.01116119411441285,30.733568965517243,0.38183724350520426,,,30.733568965517243,30.733568965517293
30.85699655172414,0.02787943158795414,30.85699655172414,0.010729144291385126,30.85699655172414,0.3848408550775786,,,30.85699655172414,30.856996551724023
30.98042413793104,0.026581186206606544,30.98042413793104,0.010309456637865339,30.98042413793104,0.38784787698086265,,,30.98042413793104,30.980424137931095
31.103851724137932,0.025333985778134283,31.103851724137932,0.009901997209392116,31.103851724137932,0.3908582445774684,,,31.103851724137932,31.10385172413794
31.22727931034483,0.024136329792574074,31.22727931034483,0.00950662193543139,31.22727931034483,0.3938718942411971,,,31.22727931034483,31.22727931034467
31.350706896551728,0.022986736113697503,31.350706896551728,0.009123177269436632,31.350706896551728,0.39688876334210177,,,31.350706896551728,31.350706896551742
31.474134482758622,0.0218837421088246,31.474134482758622,0.00875150083247801,31.474134482758622,0.39990879023149223,,,31.474134482758622,31.474134482758586
31.59756206896552,0.020825905699642266,31.59756206896552,0.008391422049070904,31.59756206896552,0.40293191422714675,,,31.59756206896552,31.597562068965544
31.720989655172417,0.019811806335122473,31.720989655172417,0.008042762773938106,31.720989655172417,0.4059580755985816,,,31.720989655172417,31.72098965517239
31.84441724137931,0.018840045887671186,31.84441724137931,0.007705337908481346,31.84441724137931,0.4089872155525732,,,31.84441724137931,31.84441724137946
31.96784482758621,0.01790924947391037,31.96784482758621,0.007378956005861444,31.96784482758621,0.4120192762187424,,,31.96784482758621,31.96784482758619
32.09127241379311,0.017018066201505255,32.09127241379311,0.0070634198636260115,32.09127241379311,0.4150542006353959,,,32.09127241379311,32.09127241379326
32.21470000000001,0.01616516984369043,32.21470000000001,0.006758527102944859,32.21470000000001,0.41809193273541995,,,32.21470000000001,32.21470000000011
32.3381275862069,0.015349259443149577,32.3381275862069,0.006464070733556416,32.3381275862069,0.42113241733244344,,,32.3381275862069,32.33812758620684
32.461555172413796,0.014569059847105104,32.461555172413796,0.006179839703641833,32.461555172413796,0.42417560010708427,,,32.461555172413796,32.46155517241391
32.5849827586207,0.013823322175504082,32.5849827586207,0.005905619433902169,32.5849827586207,0.4272214275933864,,,32.5849827586207,32.584982758620754
32.70841034482759,0.013110824224281115,32.70841034482759,0.00564119233519447,32.70841034482759,0.4302698471654466,,,32.70841034482759,32.708410344827485
32.831837931034485,0.01243037080578635,32.831837931034485,0.005386338309173138,32.831837931034485,0.4333208070241792,,,32.831837931034485,32.831837931034556
32.955265517241386,0.011780794028494523,32.955265517241386,0.005140835231443951,32.955265517241386,0.4363742561842329,,,32.955265517241386,32.95526551724129
33.07869310344828,0.01116095351816948,33.07869310344828,0.004904459416813223,33.07869310344828,0.43943014446113454,,,33.07869310344828,33.07869310344813
33.20212068965518,0.010569736582737965,33.20212068965518,0.004676986066298096,33.20212068965518,0.4424884224585451,,,33.20212068965518,33.2021206896552
33.325548275862076,0.010006058323129285,33.325548275862076,0.004458189695620563,33.325548275862076,0.44554904155568753,,,33.325548275862076,33.325548275861934
33.44897586206897,0.009468861692370267,33.44897586206897,0.004247844544975796,33.44897586206897,0.4486119538950057,,,33.44897586206897,33.448975862069005
33.57240344827587,0.008957117505282497,33.57240344827587,0.004045724969943609,33.57240344827587,0.4516771123698696,,,33.57240344827587,33.57240344827585
33.695831034482765,0.008469824401081794,33.695831034482765,0.003851605813451667,33.695831034482765,0.4547444706126053,,,33.695831034482765,33.69583103448281
33.81925862068966,0.008006008761253791,33.81925862068966,0.0036652627587825913,33.81925862068966,0.4578139829825253,,,33.81925862068966,33.81925862068965
33.94268620689656,0.007564724585011784,33.94268620689656,0.0034864726636499,33.94268620689656,0.4608856045542957,,,33.94268620689656,33.942686206896724
34.066113793103455,0.007145053324699058,34.066113793103455,0.003315013875443953,34.066113793103455,0.46395929110628126,,,34.066113793103455,34.066113793103455
34.18954137931035,0.006746103683422766,34.18954137931035,0.0031506665277782403,34.18954137931035,0.4670349991092471,,,34.18954137931035,34.1895413793103
34.31296896551725,0.006367011377239273,34.31296896551725,0.0029932128185325047,34.31296896551725,0.47011268571509246,,,34.31296896551725,34.31296896551737
34.436396551724144,0.006006938864150713,34.436396551724144,0.0028424372696221993,34.436396551724144,0.47319230874577506,,,34.436396551724144,34.4363965517241
34.55982413793104,0.005665075042146306,34.55982413793104,0.0026981269687661688,34.55982413793104,0.4762738266824334,,,34.55982413793104,34.55982413793117
34.68325172413794,0.00534063491850667,34.68325172413794,0.0025600717935725967,34.68325172413794,0.47935719865465637,,,34.68325172413794,34.68325172413802
34.80667931034483,0.005032859252515398,34.80667931034483,0.0024280646182835534,34.80667931034483,0.4824423844298882,,,34.80667931034483,34.80667931034475
34.93010689655173,0.004741014173708535,34.93010689655173,0.0023019015035660156,34.93010689655173,0.4855293444029957,,,34.93010689655173,34.93010689655182
35.05353448275863,0.004464390777723093,35.05353448275863,0.002181381869757122,35.05353448275863,0.48861803958605515,,,35.05353448275863,35.053534482758664
35.17696206896552,0.004202304701757975,35.17696206896552,0.0020663086539991606,35.17696206896552,0.4917084315982012,,,35.17696206896552,35.176962068965395
35.30038965517242,0.0039540956816142,35.30038965517242,0.0019564884517294595,35.30038965517242,0.4948004826556833,,,35.30038965517242,35.30038965517247
35.42381724137932,0.0037191270922118935,35.42381724137932,0.0018517316430049563,35.42381724137932,0.49789415556209654,,,35.42381724137932,35.42381724137931
35.54724482758621,0.003496785473422692,35.54724482758621,0.0017518525041601374,35.54724482758621,0.5009894136986919,,,35.54724482758621,35.54724482758604
35.670672413793106,0.003286480043001694,35.670672413793106,0.0016566693053178382,35.670672413793106,0.5040862210149695,,,35.670672413793106,35.67067241379311
35.79410000000001,0.003087642198331242,35.79410000000001,0.0015660043942797384,35.79410000000001,0.5071845420191843,,,35.79410000000001,35.79409999999996
35.9175275862069,0.002899725008617793,35.9175275862069,0.0014796842673345566,35.9175275862069,0.5102843417693167,,,35.9175275862069,35.917527586206916
36.0409551724138,0.0027222026991350345,36.0409551724138,0.0013975396275356946,36.0409551724138,0.5133855858638872,,,36.0409551724138,36.04095517241376
36.1643827586207,0.002554570129012612,36.1643827586207,0.0013194054309967923,36.1643827586207,0.5164882404331435,,,36.1643827586207,36.16438275862072
36.28781034482759,0.0023963422640269627,36.28781034482759,0.0012451209217674592,36.28781034482759,0.5195922721302259,,,36.28781034482759,36.28781034482756
36.41123793103449,0.002247053645758612,36.41123793103449,0.0011745296558433424,36.41123793103449,0.5226976481226009,,,36.41123793103449,36.411237931034634
36.534665517241386,0.0021062578584325475,36.534665517241386,0.0011074795148737322,36.534665517241386,0.5258043360834772,,,36.534665517241386,36.534665517241365
36.65809310344828,0.001973526994669128,36.65809310344828,0.0010438227101190242,36.65809310344828,0.5289123041836205,,,36.65809310344828,36.65809310344821
36.78152068965518,0.00184845112132348,36.78152068965518,0.0009834157772140707,36.78152068965518,0.532021521082987,,,36.78152068965518,36.78152068965528
36.904948275862075,0.0017306377465093892,36.904948275862075,0.0009261195622832666,36.904948275862075,0.535131955922725,,,36.904948275862075,36.90494827586201
37.02837586206897,0.00161971128884153,37.02837586206897,0.0008717991999468306,37.02837586206897,0.538243578317201,,,37.02837586206897,37.028375862068856
37.15180344827587,0.0015153125498666986,37.15180344827587,0.0008203240837522495,37.15180344827587,0.5413563583462785,,,37.15180344827587,37.15180344827593
37.275231034482765,0.001417098190586219,37.275231034482765,0.0007715678295522481,37.275231034482765,0.5444702665473514,,,37.275231034482765,37.27523103448266
37.39865862068966,0.0013247402129038521,37.39865862068966,0.0007254082323401949,37.39865862068966,0.5475852739082241,,,37.39865862068966,37.3986586206895
37.52208620689656,0.0012379254467833611,37.52208620689656,0.0006817272170445473,37.52208620689656,0.5507013518592373,,,37.52208620689656,37.522086206896574
37.645513793103454,0.0011563550438248305,37.645513793103454,0.0006404107837685429,37.645513793103454,0.5538184722663388,,,37.645513793103454,37.645513793103305
37.76894137931035,0.0010797439779188789,37.76894137931035,0.0006013489479480571,37.76894137931035,0.556936607423465,,,37.76894137931035,37.76894137931038
37.89236896551725,0.0010078205535767326,37.89236896551725,0.0005644356758888224,37.89236896551725,0.5600557300460413,,,37.89236896551725,37.89236896551722
38.015796551724144,0.0009403259224795013,38.015796551724144,0.0005295688161250773,38.015796551724144,0.563175813263429,,,38.015796551724144,38.01579655172418
38.13922413793104,0.0008770136087352665,38.13922413793104,0.0004966500270307815,38.13922413793104,0.5662968306124646,,,38.13922413793104,38.13922413793102
38.26265172413794,0.0008176490432798555,38.26265172413794,0.00046558470109420706,38.26265172413794,0.5694187560308219,,,38.26265172413794,38.262651724138095
38.38607931034483,0.0007620091078119895,38.38607931034483,0.0004362818862546207,38.38607931034483,0.5725415638500013,,,38.38607931034483,38.38607931034494
38.50950689655173,0.0007098816885966475,38.50950689655173,0.0004086542046792082,38.50950689655173,0.5756652287891373,,,38.50950689655173,38.509506896551784
38.63293448275863,0.0006610652404347439,38.63293448275863,0.000382617769345407,38.63293448275863,0.5787897259486547,,,38.63293448275863,38.63293448275863
38.75636206896552,0.0006153683610453653,38.75636206896552,0.0003580920987733907,38.75636206896552,0.5819150308037887,,,38.75636206896552,38.75636206896547
38.879789655172424,0.0005726093760699547,38.879789655172424,0.00033500003023955496,38.879789655172424,0.5850411191985592,,,38.879789655172424,38.87978965517209
39.00321724137932,0.0005326159348656434,39.00321724137932,0.0003132676317826784,39.00321724137932,0.5881679673397354,,,39.00321724137932,39.00321724137939
39.12664482758621,0.000495224617219292,39.12664482758621,0.00029282411329899303,39.12664482758621,0.5912955517906466,,,39.12664482758621,39.126644827586006
39.25007241379311,0.0004602805510753871,39.25007241379311,0.00027360173700442504,39.25007241379311,0.5944238494656994,,,39.25007241379311,39.25007241379308
39.37350000000001,0.00042763704134252123,39.37350000000001,0.0002555357275274077,39.37350000000001,0.5975528376241224,,,39.37350000000001,39.373499999999694
